dataset,model,evaluation_mode,utility,analysis_role,condition,method,method_label,metric,mean,ci95_low,ci95_high,n_users,n_seeds,missing_users
Amazon-Digital-Music,itemknn,full_unseen_catalogue,target_margin,full_catalogue,full_catalogue,greedy_cf,Greedy counterfactual,joint_effect_ndcg,0.0024659794897988396,0.0,0.005863917959195359,250,5,0
Amazon-Digital-Music,itemknn,full_unseen_catalogue,target_margin,full_catalogue,full_catalogue,greedy_cf,Greedy counterfactual,abstention,0.0,0.0,0.0,250,5,0
Amazon-Digital-Music,itemknn,full_unseen_catalogue,target_margin,full_catalogue,full_catalogue,greedy_cf,Greedy counterfactual,normalized_regret_ndcg,0.41938200260161124,0.01938200260161127,0.8193820026016112,5,5,245
Amazon-Digital-Music,itemknn,full_unseen_catalogue,target_margin,full_catalogue,full_catalogue,greedy_cf,Greedy counterfactual,intervention_success_ndcg,0.012,0.0,0.028,250,5,0
Amazon-Digital-Music,itemknn,full_unseen_catalogue,target_margin,full_catalogue,full_catalogue,lime,LIME,joint_effect_ndcg,0.0025951928404762486,0.0,0.006143532708154651,250,5,0
Amazon-Digital-Music,itemknn,full_unseen_catalogue,target_margin,full_catalogue,full_catalogue,lime,LIME,abstention,0.4608,0.39998000000000006,0.5232,250,5,0
Amazon-Digital-Music,itemknn,full_unseen_catalogue,target_margin,full_catalogue,full_catalogue,lime,LIME,normalized_regret_ndcg,0.4,0.0,0.8,5,5,245
Amazon-Digital-Music,itemknn,full_unseen_catalogue,target_margin,full_catalogue,full_catalogue,lime,LIME,intervention_success_ndcg,0.012,0.0,0.028,250,5,0
Amazon-Digital-Music,itemknn,full_unseen_catalogue,target_margin,full_catalogue,full_catalogue,loo,Leave-one-out,joint_effect_ndcg,0.0025951928404762486,0.0,0.0060948760571433195,250,5,0
Amazon-Digital-Music,itemknn,full_unseen_catalogue,target_margin,full_catalogue,full_catalogue,loo,Leave-one-out,abstention,0.456,0.392,0.5160999999999986,250,5,0
Amazon-Digital-Music,itemknn,full_unseen_catalogue,target_margin,full_catalogue,full_catalogue,loo,Leave-one-out,normalized_regret_ndcg,0.4,0.0,0.8,5,5,245
Amazon-Digital-Music,itemknn,full_unseen_catalogue,target_margin,full_catalogue,full_catalogue,loo,Leave-one-out,intervention_success_ndcg,0.012,0.0,0.028,250,5,0
Amazon-Digital-Music,itemknn,full_unseen_catalogue,target_margin,full_catalogue,full_catalogue,random,Random control,joint_effect_ndcg,0.0004775273946962379,-0.0013830850877544019,0.0025068357277668513,250,5,0
Amazon-Digital-Music,itemknn,full_unseen_catalogue,target_margin,full_catalogue,full_catalogue,random,Random control,abstention,0.0528,0.039200000000000006,0.06720000000000001,250,5,0
Amazon-Digital-Music,itemknn,full_unseen_catalogue,target_margin,full_catalogue,full_catalogue,random,Random control,normalized_regret_ndcg,0.792808021511551,0.6160664246334846,0.9247152798023374,5,5,245
Amazon-Digital-Music,itemknn,full_unseen_catalogue,target_margin,full_catalogue,full_catalogue,random,Random control,intervention_success_ndcg,0.0048000000000000004,0.0008,0.0112,250,5,0
Amazon-Digital-Music,itemknn,full_unseen_catalogue,target_margin,full_catalogue,full_catalogue,shapley_mc,Monte Carlo Shapley,joint_effect_ndcg,0.003455118146059062,0.0005237190142858301,0.007219533827832698,250,5,0
Amazon-Digital-Music,itemknn,full_unseen_catalogue,target_margin,full_catalogue,full_catalogue,shapley_mc,Monte Carlo Shapley,abstention,0.0,0.0,0.0,250,5,0
Amazon-Digital-Music,itemknn,full_unseen_catalogue,target_margin,full_catalogue,full_catalogue,shapley_mc,Monte Carlo Shapley,normalized_regret_ndcg,0.25550560208128903,0.015505602081289016,0.64,5,5,245
Amazon-Digital-Music,itemknn,full_unseen_catalogue,target_margin,full_catalogue,full_catalogue,shapley_mc,Monte Carlo Shapley,intervention_success_ndcg,0.0152,0.0032,0.0312,250,5,0
Amazon-Digital-Music,itemknn,sampled_unseen_negatives_with_target,target_margin,primary,primary,greedy_cf,Greedy counterfactual,joint_effect_ndcg,0.010152178285546723,0.0056499586943513785,0.01488500024571364,1000,5,0
Amazon-Digital-Music,itemknn,sampled_unseen_negatives_with_target,target_margin,primary,primary,greedy_cf,Greedy counterfactual,abstention,0.007,0.002,0.013,1000,5,0
Amazon-Digital-Music,itemknn,sampled_unseen_negatives_with_target,target_margin,primary,primary,greedy_cf,Greedy counterfactual,normalized_regret_ndcg,0.7836432870385996,0.6391250905683112,0.9538406495820556,196,5,804
Amazon-Digital-Music,itemknn,sampled_unseen_negatives_with_target,target_margin,primary,primary,greedy_cf,Greedy counterfactual,intervention_success_ndcg,0.09,0.073,0.108,1000,5,0
Amazon-Digital-Music,itemknn,sampled_unseen_negatives_with_target,target_margin,primary,primary,lime,LIME,joint_effect_ndcg,0.033138615483075604,0.027420466094992227,0.039124840513452365,1000,5,0
Amazon-Digital-Music,itemknn,sampled_unseen_negatives_with_target,target_margin,primary,primary,lime,LIME,abstention,0.0702,0.055,0.086,1000,5,0
Amazon-Digital-Music,itemknn,sampled_unseen_negatives_with_target,target_margin,primary,primary,lime,LIME,normalized_regret_ndcg,0.19747018179963355,0.15033563060102345,0.24795434012948597,196,5,804
Amazon-Digital-Music,itemknn,sampled_unseen_negatives_with_target,target_margin,primary,primary,lime,LIME,intervention_success_ndcg,0.1712,0.148,0.1948,1000,5,0
Amazon-Digital-Music,itemknn,sampled_unseen_negatives_with_target,target_margin,primary,primary,loo,Leave-one-out,joint_effect_ndcg,0.031328901750605154,0.025670145314189183,0.03729005022654304,1000,5,0
Amazon-Digital-Music,itemknn,sampled_unseen_negatives_with_target,target_margin,primary,primary,loo,Leave-one-out,abstention,0.086,0.069,0.104,1000,5,0
Amazon-Digital-Music,itemknn,sampled_unseen_negatives_with_target,target_margin,primary,primary,loo,Leave-one-out,normalized_regret_ndcg,0.23245562720153704,0.18008046482249332,0.2867881026867107,196,5,804
Amazon-Digital-Music,itemknn,sampled_unseen_negatives_with_target,target_margin,primary,primary,loo,Leave-one-out,intervention_success_ndcg,0.167,0.145,0.191,1000,5,0
Amazon-Digital-Music,itemknn,sampled_unseen_negatives_with_target,target_margin,primary,primary,random,Random control,joint_effect_ndcg,-0.0038716505926005428,-0.007430088419402735,-0.00037627963197084884,1000,5,0
Amazon-Digital-Music,itemknn,sampled_unseen_negatives_with_target,target_margin,primary,primary,random,Random control,abstention,0.0476,0.0412,0.05439999999999999,1000,5,0
Amazon-Digital-Music,itemknn,sampled_unseen_negatives_with_target,target_margin,primary,primary,random,Random control,normalized_regret_ndcg,1.197120735588696,1.0521737004075031,1.369146082328511,196,5,804
Amazon-Digital-Music,itemknn,sampled_unseen_negatives_with_target,target_margin,primary,primary,random,Random control,intervention_success_ndcg,0.066,0.055400000000000005,0.077,1000,5,0
Amazon-Digital-Music,itemknn,sampled_unseen_negatives_with_target,target_margin,primary,primary,shapley_mc,Monte Carlo Shapley,joint_effect_ndcg,0.033269091616078356,0.027352615060625415,0.03956251595805535,1000,5,0
Amazon-Digital-Music,itemknn,sampled_unseen_negatives_with_target,target_margin,primary,primary,shapley_mc,Monte Carlo Shapley,abstention,0.010199999999999999,0.004200000000000001,0.017,1000,5,0
Amazon-Digital-Music,itemknn,sampled_unseen_negatives_with_target,target_margin,primary,primary,shapley_mc,Monte Carlo Shapley,normalized_regret_ndcg,0.2060866216899562,0.15771083940658898,0.2562473979691185,196,5,804
Amazon-Digital-Music,itemknn,sampled_unseen_negatives_with_target,target_margin,primary,primary,shapley_mc,Monte Carlo Shapley,intervention_success_ndcg,0.1702,0.14739999999999998,0.1944,1000,5,0
MovieLens-1M,itemknn,full_unseen_catalogue,target_margin,full_catalogue,full_catalogue,greedy_cf,Greedy counterfactual,joint_effect_ndcg,0.0045643435950248265,0.000587365831841254,0.00964749218647255,250,5,0
MovieLens-1M,itemknn,full_unseen_catalogue,target_margin,full_catalogue,full_catalogue,greedy_cf,Greedy counterfactual,abstention,0.0,0.0,0.0,250,5,0
MovieLens-1M,itemknn,full_unseen_catalogue,target_margin,full_catalogue,full_catalogue,greedy_cf,Greedy counterfactual,normalized_regret_ndcg,0.6188535220446528,0.4072490946482903,0.8338373151217828,20,5,230
MovieLens-1M,itemknn,full_unseen_catalogue,target_margin,full_catalogue,full_catalogue,greedy_cf,Greedy counterfactual,intervention_success_ndcg,0.044,0.02,0.072,250,5,0
MovieLens-1M,itemknn,full_unseen_catalogue,target_margin,full_catalogue,full_catalogue,lime,LIME,joint_effect_ndcg,0.014457522492232455,0.006726798769642332,0.023988062770416985,250,5,0
MovieLens-1M,itemknn,full_unseen_catalogue,target_margin,full_catalogue,full_catalogue,lime,LIME,abstention,0.0,0.0,0.0,250,5,0
MovieLens-1M,itemknn,full_unseen_catalogue,target_margin,full_catalogue,full_catalogue,lime,LIME,normalized_regret_ndcg,0.20755821850880501,0.05971233375760091,0.3768037653176958,20,5,230
MovieLens-1M,itemknn,full_unseen_catalogue,target_margin,full_catalogue,full_catalogue,lime,LIME,intervention_success_ndcg,0.072,0.04,0.104,250,5,0
MovieLens-1M,itemknn,full_unseen_catalogue,target_margin,full_catalogue,full_catalogue,loo,Leave-one-out,joint_effect_ndcg,0.014272161003058247,0.006590052640698365,0.023643625395098507,250,5,0
MovieLens-1M,itemknn,full_unseen_catalogue,target_margin,full_catalogue,full_catalogue,loo,Leave-one-out,abstention,0.0,0.0,0.0,250,5,0
MovieLens-1M,itemknn,full_unseen_catalogue,target_margin,full_catalogue,full_catalogue,loo,Leave-one-out,normalized_regret_ndcg,0.21328308719712621,0.06877894877539055,0.37770205163000453,20,5,230
MovieLens-1M,itemknn,full_unseen_catalogue,target_margin,full_catalogue,full_catalogue,loo,Leave-one-out,intervention_success_ndcg,0.072,0.044,0.104,250,5,0
MovieLens-1M,itemknn,full_unseen_catalogue,target_margin,full_catalogue,full_catalogue,random,Random control,joint_effect_ndcg,-0.0004890853299749942,-0.0038918003620714106,0.0035088383192970122,250,5,0
MovieLens-1M,itemknn,full_unseen_catalogue,target_margin,full_catalogue,full_catalogue,random,Random control,abstention,0.0008,0.0,0.0024000000000000002,250,5,0
MovieLens-1M,itemknn,full_unseen_catalogue,target_margin,full_catalogue,full_catalogue,random,Random control,normalized_regret_ndcg,1.2434665742993882,0.8573195801178404,1.7781818162077674,20,5,230
MovieLens-1M,itemknn,full_unseen_catalogue,target_margin,full_catalogue,full_catalogue,random,Random control,intervention_success_ndcg,0.0208,0.009600000000000001,0.033600000000000005,250,5,0
MovieLens-1M,itemknn,full_unseen_catalogue,target_margin,full_catalogue,full_catalogue,shapley_mc,Monte Carlo Shapley,joint_effect_ndcg,0.011521873546389344,0.004579363099840031,0.019998034211760492,250,5,0
MovieLens-1M,itemknn,full_unseen_catalogue,target_margin,full_catalogue,full_catalogue,shapley_mc,Monte Carlo Shapley,abstention,0.0,0.0,0.0,250,5,0
MovieLens-1M,itemknn,full_unseen_catalogue,target_margin,full_catalogue,full_catalogue,shapley_mc,Monte Carlo Shapley,normalized_regret_ndcg,0.29046560605593585,0.12940247663348298,0.4686025821024281,20,5,230
MovieLens-1M,itemknn,full_unseen_catalogue,target_margin,full_catalogue,full_catalogue,shapley_mc,Monte Carlo Shapley,intervention_success_ndcg,0.06720000000000001,0.0384,0.0992,250,5,0
MovieLens-1M,itemknn,sampled_unseen_negatives_with_target,target_margin,primary,primary,greedy_cf,Greedy counterfactual,joint_effect_ndcg,0.005836723127685548,0.0009078962366961543,0.010938413325624539,1000,5,0
MovieLens-1M,itemknn,sampled_unseen_negatives_with_target,target_margin,primary,primary,greedy_cf,Greedy counterfactual,abstention,0.0,0.0,0.0,1000,5,0
MovieLens-1M,itemknn,sampled_unseen_negatives_with_target,target_margin,primary,primary,greedy_cf,Greedy counterfactual,normalized_regret_ndcg,1.4710466540505367,1.1140693981237313,1.8948281517453596,339,5,661
MovieLens-1M,itemknn,sampled_unseen_negatives_with_target,target_margin,primary,primary,greedy_cf,Greedy counterfactual,intervention_success_ndcg,0.103,0.085,0.122,1000,5,0
MovieLens-1M,itemknn,sampled_unseen_negatives_with_target,target_margin,primary,primary,lime,LIME,joint_effect_ndcg,0.042529858049918545,0.03670621565698359,0.0486854881365534,1000,5,0
MovieLens-1M,itemknn,sampled_unseen_negatives_with_target,target_margin,primary,primary,lime,LIME,abstention,0.0,0.0,0.0,1000,5,0
MovieLens-1M,itemknn,sampled_unseen_negatives_with_target,target_margin,primary,primary,lime,LIME,normalized_regret_ndcg,0.22543921061369182,0.18677285604334112,0.26380071670450694,339,5,661
MovieLens-1M,itemknn,sampled_unseen_negatives_with_target,target_margin,primary,primary,lime,LIME,intervention_success_ndcg,0.2876,0.25920000000000004,0.31560000000000005,1000,5,0
MovieLens-1M,itemknn,sampled_unseen_negatives_with_target,target_margin,primary,primary,loo,Leave-one-out,joint_effect_ndcg,0.0431311257269578,0.03724089283144175,0.049513484834653225,1000,5,0
MovieLens-1M,itemknn,sampled_unseen_negatives_with_target,target_margin,primary,primary,loo,Leave-one-out,abstention,0.0,0.0,0.0,1000,5,0
MovieLens-1M,itemknn,sampled_unseen_negatives_with_target,target_margin,primary,primary,loo,Leave-one-out,normalized_regret_ndcg,0.217388551988017,0.177639163948522,0.25788741181596936,339,5,661
MovieLens-1M,itemknn,sampled_unseen_negatives_with_target,target_margin,primary,primary,loo,Leave-one-out,intervention_success_ndcg,0.289,0.262,0.318,1000,5,0
MovieLens-1M,itemknn,sampled_unseen_negatives_with_target,target_margin,primary,primary,random,Random control,joint_effect_ndcg,-0.0010045505840918921,-0.003791735183556652,0.0018142921412653483,1000,5,0
MovieLens-1M,itemknn,sampled_unseen_negatives_with_target,target_margin,primary,primary,random,Random control,abstention,0.0004,0.0,0.001,1000,5,0
MovieLens-1M,itemknn,sampled_unseen_negatives_with_target,target_margin,primary,primary,random,Random control,normalized_regret_ndcg,1.4455018214497235,1.2269089972855067,1.6981903590693814,339,5,661
MovieLens-1M,itemknn,sampled_unseen_negatives_with_target,target_margin,primary,primary,random,Random control,intervention_success_ndcg,0.07440000000000001,0.06380000000000001,0.08560499999999993,1000,5,0
MovieLens-1M,itemknn,sampled_unseen_negatives_with_target,target_margin,primary,primary,shapley_mc,Monte Carlo Shapley,joint_effect_ndcg,0.04026313454225692,0.03460112532004863,0.04616218912973102,1000,5,0
MovieLens-1M,itemknn,sampled_unseen_negatives_with_target,target_margin,primary,primary,shapley_mc,Monte Carlo Shapley,abstention,0.0,0.0,0.0,1000,5,0
MovieLens-1M,itemknn,sampled_unseen_negatives_with_target,target_margin,primary,primary,shapley_mc,Monte Carlo Shapley,normalized_regret_ndcg,0.26750514280636545,0.22734067874237157,0.3089716679681431,339,5,661
MovieLens-1M,itemknn,sampled_unseen_negatives_with_target,target_margin,primary,primary,shapley_mc,Monte Carlo Shapley,intervention_success_ndcg,0.2742,0.2474,0.302,1000,5,0
MovieLens-1M,itemknn,sampled_unseen_negatives_with_target,target_margin,sensitivity,budget1,greedy_cf,Greedy counterfactual,joint_effect_ndcg,-0.0015921758701801364,-0.009166841682430924,0.0057464346843785815,250,5,0
MovieLens-1M,itemknn,sampled_unseen_negatives_with_target,target_margin,sensitivity,budget1,greedy_cf,Greedy counterfactual,abstention,0.0,0.0,0.0,250,5,0
MovieLens-1M,itemknn,sampled_unseen_negatives_with_target,target_margin,sensitivity,budget1,greedy_cf,Greedy counterfactual,normalized_regret_ndcg,0.943737817049829,0.7773999491991516,1.134309434449231,60,5,190
MovieLens-1M,itemknn,sampled_unseen_negatives_with_target,target_margin,sensitivity,budget1,greedy_cf,Greedy counterfactual,intervention_success_ndcg,0.064,0.036,0.096,250,5,0
MovieLens-1M,itemknn,sampled_unseen_negatives_with_target,target_margin,sensitivity,budget1,lime,LIME,joint_effect_ndcg,0.026022112780217783,0.017258495999662737,0.03608188899494712,250,5,0
MovieLens-1M,itemknn,sampled_unseen_negatives_with_target,target_margin,sensitivity,budget1,lime,LIME,abstention,0.004,0.0,0.012,250,5,0
MovieLens-1M,itemknn,sampled_unseen_negatives_with_target,target_margin,sensitivity,budget1,lime,LIME,normalized_regret_ndcg,0.29658541084393314,0.19257122682964192,0.4082127840397176,60,5,190
MovieLens-1M,itemknn,sampled_unseen_negatives_with_target,target_margin,sensitivity,budget1,lime,LIME,intervention_success_ndcg,0.18159999999999998,0.136,0.2304,250,5,0
MovieLens-1M,itemknn,sampled_unseen_negatives_with_target,target_margin,sensitivity,budget1,loo,Leave-one-out,joint_effect_ndcg,0.026847447718176928,0.01797599676715288,0.036735201767509114,250,5,0
MovieLens-1M,itemknn,sampled_unseen_negatives_with_target,target_margin,sensitivity,budget1,loo,Leave-one-out,abstention,0.004,0.0,0.012,250,5,0
MovieLens-1M,itemknn,sampled_unseen_negatives_with_target,target_margin,sensitivity,budget1,loo,Leave-one-out,normalized_regret_ndcg,0.2600738381219016,0.15570951300285304,0.36943119777482053,60,5,190
MovieLens-1M,itemknn,sampled_unseen_negatives_with_target,target_margin,sensitivity,budget1,loo,Leave-one-out,intervention_success_ndcg,0.188,0.14,0.236,250,5,0
MovieLens-1M,itemknn,sampled_unseen_negatives_with_target,target_margin,sensitivity,budget1,random,Random control,joint_effect_ndcg,0.0009184171844546546,-0.0029619523980562203,0.004720845011847104,250,5,0
MovieLens-1M,itemknn,sampled_unseen_negatives_with_target,target_margin,sensitivity,budget1,random,Random control,abstention,0.0008,0.0,0.0024000000000000002,250,5,0
MovieLens-1M,itemknn,sampled_unseen_negatives_with_target,target_margin,sensitivity,budget1,random,Random control,normalized_regret_ndcg,0.9597771131706602,0.878947925591375,1.0585818830817018,60,5,190
MovieLens-1M,itemknn,sampled_unseen_negatives_with_target,target_margin,sensitivity,budget1,random,Random control,intervention_success_ndcg,0.0456,0.0312,0.06081999999999972,250,5,0
MovieLens-1M,itemknn,sampled_unseen_negatives_with_target,target_margin,sensitivity,budget1,shapley_mc,Monte Carlo Shapley,joint_effect_ndcg,0.02641776490417747,0.017320375626992447,0.03618703245702532,250,5,0
MovieLens-1M,itemknn,sampled_unseen_negatives_with_target,target_margin,sensitivity,budget1,shapley_mc,Monte Carlo Shapley,abstention,0.0,0.0,0.0,250,5,0
MovieLens-1M,itemknn,sampled_unseen_negatives_with_target,target_margin,sensitivity,budget1,shapley_mc,Monte Carlo Shapley,normalized_regret_ndcg,0.2738221467441612,0.17713067302553076,0.3784104880231663,60,5,190
MovieLens-1M,itemknn,sampled_unseen_negatives_with_target,target_margin,sensitivity,budget1,shapley_mc,Monte Carlo Shapley,intervention_success_ndcg,0.1944,0.14639999999999997,0.244,250,5,0
MovieLens-1M,itemknn,sampled_unseen_negatives_with_target,target_margin,sensitivity,budget3,greedy_cf,Greedy counterfactual,joint_effect_ndcg,0.009682361723187639,-0.002706852574517227,0.02248032008208909,250,5,0
MovieLens-1M,itemknn,sampled_unseen_negatives_with_target,target_margin,sensitivity,budget3,greedy_cf,Greedy counterfactual,abstention,0.0,0.0,0.0,250,5,0
MovieLens-1M,itemknn,sampled_unseen_negatives_with_target,target_margin,sensitivity,budget3,greedy_cf,Greedy counterfactual,normalized_regret_ndcg,0.7525083736321452,0.43368829641116546,1.1515943243763476,25,5,225
MovieLens-1M,itemknn,sampled_unseen_negatives_with_target,target_margin,sensitivity,budget3,greedy_cf,Greedy counterfactual,intervention_success_ndcg,0.152,0.108,0.2,250,5,0
MovieLens-1M,itemknn,sampled_unseen_negatives_with_target,target_margin,sensitivity,budget3,lime,LIME,joint_effect_ndcg,0.062037364707879517,0.047089465657658994,0.07773642018900766,250,5,0
MovieLens-1M,itemknn,sampled_unseen_negatives_with_target,target_margin,sensitivity,budget3,lime,LIME,abstention,0.004,0.0,0.012,250,5,0
MovieLens-1M,itemknn,sampled_unseen_negatives_with_target,target_margin,sensitivity,budget3,lime,LIME,normalized_regret_ndcg,0.08921787146414167,0.0018302996224270102,0.19779133320341027,25,5,225
MovieLens-1M,itemknn,sampled_unseen_negatives_with_target,target_margin,sensitivity,budget3,lime,LIME,intervention_success_ndcg,0.34,0.28390000000000004,0.4,250,5,0
MovieLens-1M,itemknn,sampled_unseen_negatives_with_target,target_margin,sensitivity,budget3,loo,Leave-one-out,joint_effect_ndcg,0.06146128247234229,0.04685836108925325,0.07656545872013204,250,5,0
MovieLens-1M,itemknn,sampled_unseen_negatives_with_target,target_margin,sensitivity,budget3,loo,Leave-one-out,abstention,0.004,0.0,0.012,250,5,0
MovieLens-1M,itemknn,sampled_unseen_negatives_with_target,target_margin,sensitivity,budget3,loo,Leave-one-out,normalized_regret_ndcg,0.08921787146414167,0.0018302996224270102,0.19358925378587544,25,5,225
MovieLens-1M,itemknn,sampled_unseen_negatives_with_target,target_margin,sensitivity,budget3,loo,Leave-one-out,intervention_success_ndcg,0.34,0.284,0.4,250,5,0
MovieLens-1M,itemknn,sampled_unseen_negatives_with_target,target_margin,sensitivity,budget3,random,Random control,joint_effect_ndcg,0.0019053289309760673,-0.003924059829627415,0.007773810830308102,250,5,0
MovieLens-1M,itemknn,sampled_unseen_negatives_with_target,target_margin,sensitivity,budget3,random,Random control,abstention,0.0008,0.0,0.0024000000000000002,250,5,0
MovieLens-1M,itemknn,sampled_unseen_negatives_with_target,target_margin,sensitivity,budget3,random,Random control,normalized_regret_ndcg,0.9458988088288036,0.7251738817751179,1.2481650169912368,25,5,225
MovieLens-1M,itemknn,sampled_unseen_negatives_with_target,target_margin,sensitivity,budget3,random,Random control,intervention_success_ndcg,0.0952,0.0712,0.12079999999999999,250,5,0
MovieLens-1M,itemknn,sampled_unseen_negatives_with_target,target_margin,sensitivity,budget3,shapley_mc,Monte Carlo Shapley,joint_effect_ndcg,0.062201802905726675,0.04758977676928969,0.07787482636616942,250,5,0
MovieLens-1M,itemknn,sampled_unseen_negatives_with_target,target_margin,sensitivity,budget3,shapley_mc,Monte Carlo Shapley,abstention,0.0,0.0,0.0,250,5,0
MovieLens-1M,itemknn,sampled_unseen_negatives_with_target,target_margin,sensitivity,budget3,shapley_mc,Monte Carlo Shapley,normalized_regret_ndcg,0.08222975436435505,0.010801020717597214,0.18522917697007868,25,5,225
MovieLens-1M,itemknn,sampled_unseen_negatives_with_target,target_margin,sensitivity,budget3,shapley_mc,Monte Carlo Shapley,intervention_success_ndcg,0.34,0.2824,0.3992,250,5,0
MovieLens-1M,itemknn,sampled_unseen_negatives_with_target,target_margin,sensitivity,candidates100,greedy_cf,Greedy counterfactual,joint_effect_ndcg,-0.00302882497930052,-0.011934335819745378,0.005985430501455718,250,5,0
MovieLens-1M,itemknn,sampled_unseen_negatives_with_target,target_margin,sensitivity,candidates100,greedy_cf,Greedy counterfactual,abstention,0.0,0.0,0.0,250,5,0
MovieLens-1M,itemknn,sampled_unseen_negatives_with_target,target_margin,sensitivity,candidates100,greedy_cf,Greedy counterfactual,normalized_regret_ndcg,1.1995197502492403,0.9340727577830493,1.5313282985784586,94,5,156
MovieLens-1M,itemknn,sampled_unseen_negatives_with_target,target_margin,sensitivity,candidates100,greedy_cf,Greedy counterfactual,intervention_success_ndcg,0.08,0.048,0.116,250,5,0
MovieLens-1M,itemknn,sampled_unseen_negatives_with_target,target_margin,sensitivity,candidates100,lime,LIME,joint_effect_ndcg,0.05459093370032194,0.04143325842632735,0.06884743685663938,250,5,0
MovieLens-1M,itemknn,sampled_unseen_negatives_with_target,target_margin,sensitivity,candidates100,lime,LIME,abstention,0.0,0.0,0.0,250,5,0
MovieLens-1M,itemknn,sampled_unseen_negatives_with_target,target_margin,sensitivity,candidates100,lime,LIME,normalized_regret_ndcg,0.15657075931560924,0.0959123932939464,0.22358938770472725,94,5,156
MovieLens-1M,itemknn,sampled_unseen_negatives_with_target,target_margin,sensitivity,candidates100,lime,LIME,intervention_success_ndcg,0.3344,0.2768,0.39280000000000004,250,5,0
MovieLens-1M,itemknn,sampled_unseen_negatives_with_target,target_margin,sensitivity,candidates100,loo,Leave-one-out,joint_effect_ndcg,0.05388450100488264,0.04068119008329148,0.06793315585095046,250,5,0
MovieLens-1M,itemknn,sampled_unseen_negatives_with_target,target_margin,sensitivity,candidates100,loo,Leave-one-out,abstention,0.0,0.0,0.0,250,5,0
MovieLens-1M,itemknn,sampled_unseen_negatives_with_target,target_margin,sensitivity,candidates100,loo,Leave-one-out,normalized_regret_ndcg,0.13732920765370163,0.07481856406039648,0.20549940089883106,94,5,156
MovieLens-1M,itemknn,sampled_unseen_negatives_with_target,target_margin,sensitivity,candidates100,loo,Leave-one-out,intervention_success_ndcg,0.34,0.284,0.4,250,5,0
MovieLens-1M,itemknn,sampled_unseen_negatives_with_target,target_margin,sensitivity,candidates100,random,Random control,joint_effect_ndcg,0.005729222594513695,-0.00035648007804661664,0.012139695988484338,250,5,0
MovieLens-1M,itemknn,sampled_unseen_negatives_with_target,target_margin,sensitivity,candidates100,random,Random control,abstention,0.0008,0.0,0.0024000000000000002,250,5,0
MovieLens-1M,itemknn,sampled_unseen_negatives_with_target,target_margin,sensitivity,candidates100,random,Random control,normalized_regret_ndcg,1.1430185838031541,0.9729090003648838,1.3424732142265545,94,5,156
MovieLens-1M,itemknn,sampled_unseen_negatives_with_target,target_margin,sensitivity,candidates100,random,Random control,intervention_success_ndcg,0.09600000000000002,0.072,0.1216,250,5,0
MovieLens-1M,itemknn,sampled_unseen_negatives_with_target,target_margin,sensitivity,candidates100,shapley_mc,Monte Carlo Shapley,joint_effect_ndcg,0.05472878956155252,0.04139167625285753,0.06922278252851555,250,5,0
MovieLens-1M,itemknn,sampled_unseen_negatives_with_target,target_margin,sensitivity,candidates100,shapley_mc,Monte Carlo Shapley,abstention,0.0,0.0,0.0,250,5,0
MovieLens-1M,itemknn,sampled_unseen_negatives_with_target,target_margin,sensitivity,candidates100,shapley_mc,Monte Carlo Shapley,normalized_regret_ndcg,0.1653866039719868,0.10236470682472547,0.23671892780736078,94,5,156
MovieLens-1M,itemknn,sampled_unseen_negatives_with_target,target_margin,sensitivity,candidates100,shapley_mc,Monte Carlo Shapley,intervention_success_ndcg,0.332,0.276,0.39039999999999997,250,5,0
MovieLens-1M,itemknn,sampled_unseen_negatives_with_target,target_margin,sensitivity,candidates500,greedy_cf,Greedy counterfactual,joint_effect_ndcg,0.006494436760922591,-0.00041615594392244816,0.014076921067507606,250,5,0
MovieLens-1M,itemknn,sampled_unseen_negatives_with_target,target_margin,sensitivity,candidates500,greedy_cf,Greedy counterfactual,abstention,0.0,0.0,0.0,250,5,0
MovieLens-1M,itemknn,sampled_unseen_negatives_with_target,target_margin,sensitivity,candidates500,greedy_cf,Greedy counterfactual,normalized_regret_ndcg,0.9936715235117232,0.682838937601136,1.4519838170917068,60,5,190
MovieLens-1M,itemknn,sampled_unseen_negatives_with_target,target_margin,sensitivity,candidates500,greedy_cf,Greedy counterfactual,intervention_success_ndcg,0.1,0.064,0.14,250,5,0
MovieLens-1M,itemknn,sampled_unseen_negatives_with_target,target_margin,sensitivity,candidates500,lime,LIME,joint_effect_ndcg,0.029695643737941275,0.020269847736362163,0.039958517381400514,250,5,0
MovieLens-1M,itemknn,sampled_unseen_negatives_with_target,target_margin,sensitivity,candidates500,lime,LIME,abstention,0.0,0.0,0.0,250,5,0
MovieLens-1M,itemknn,sampled_unseen_negatives_with_target,target_margin,sensitivity,candidates500,lime,LIME,normalized_regret_ndcg,0.1701686912425694,0.09424902047457005,0.25496224076519197,60,5,190
MovieLens-1M,itemknn,sampled_unseen_negatives_with_target,target_margin,sensitivity,candidates500,lime,LIME,intervention_success_ndcg,0.212,0.1616,0.2632,250,5,0
MovieLens-1M,itemknn,sampled_unseen_negatives_with_target,target_margin,sensitivity,candidates500,loo,Leave-one-out,joint_effect_ndcg,0.028690958121827877,0.01934299329358144,0.039481931930935146,250,5,0
MovieLens-1M,itemknn,sampled_unseen_negatives_with_target,target_margin,sensitivity,candidates500,loo,Leave-one-out,abstention,0.0,0.0,0.0,250,5,0
MovieLens-1M,itemknn,sampled_unseen_negatives_with_target,target_margin,sensitivity,candidates500,loo,Leave-one-out,normalized_regret_ndcg,0.18205730951224583,0.1005786816762671,0.27298622485411494,60,5,190
MovieLens-1M,itemknn,sampled_unseen_negatives_with_target,target_margin,sensitivity,candidates500,loo,Leave-one-out,intervention_success_ndcg,0.212,0.164,0.264,250,5,0
MovieLens-1M,itemknn,sampled_unseen_negatives_with_target,target_margin,sensitivity,candidates500,random,Random control,joint_effect_ndcg,0.001227144848938849,-0.00339153794587852,0.006036604646949222,250,5,0
MovieLens-1M,itemknn,sampled_unseen_negatives_with_target,target_margin,sensitivity,candidates500,random,Random control,abstention,0.0008,0.0,0.0024000000000000002,250,5,0
MovieLens-1M,itemknn,sampled_unseen_negatives_with_target,target_margin,sensitivity,candidates500,random,Random control,normalized_regret_ndcg,1.462715332116415,1.0248349663328817,2.083650668577778,60,5,190
MovieLens-1M,itemknn,sampled_unseen_negatives_with_target,target_margin,sensitivity,candidates500,random,Random control,intervention_success_ndcg,0.056799999999999996,0.038400000000000004,0.07680000000000001,250,5,0
MovieLens-1M,itemknn,sampled_unseen_negatives_with_target,target_margin,sensitivity,candidates500,shapley_mc,Monte Carlo Shapley,joint_effect_ndcg,0.02502286092214827,0.016919282717831823,0.034450616302039085,250,5,0
MovieLens-1M,itemknn,sampled_unseen_negatives_with_target,target_margin,sensitivity,candidates500,shapley_mc,Monte Carlo Shapley,abstention,0.0,0.0,0.0,250,5,0
MovieLens-1M,itemknn,sampled_unseen_negatives_with_target,target_margin,sensitivity,candidates500,shapley_mc,Monte Carlo Shapley,normalized_regret_ndcg,0.283951192005554,0.190105516260456,0.3830533527612248,60,5,190
MovieLens-1M,itemknn,sampled_unseen_negatives_with_target,target_margin,sensitivity,candidates500,shapley_mc,Monte Carlo Shapley,intervention_success_ndcg,0.19519999999999998,0.148,0.244,250,5,0
MovieLens-1M,itemknn,sampled_unseen_negatives_with_target,target_margin,sensitivity,nmax100,greedy_cf,Greedy counterfactual,joint_effect_ndcg,0.002812481298091588,-0.004542925543579549,0.01078498449368247,250,5,0
MovieLens-1M,itemknn,sampled_unseen_negatives_with_target,target_margin,sensitivity,nmax100,greedy_cf,Greedy counterfactual,abstention,0.0,0.0,0.0,250,5,0
MovieLens-1M,itemknn,sampled_unseen_negatives_with_target,target_margin,sensitivity,nmax100,greedy_cf,Greedy counterfactual,normalized_regret_ndcg,0.8313035880505534,0.7075826702100543,0.9478304498519018,55,5,195
MovieLens-1M,itemknn,sampled_unseen_negatives_with_target,target_margin,sensitivity,nmax100,greedy_cf,Greedy counterfactual,intervention_success_ndcg,0.064,0.036,0.096,250,5,0
MovieLens-1M,itemknn,sampled_unseen_negatives_with_target,target_margin,sensitivity,nmax100,lime,LIME,joint_effect_ndcg,0.022089697611724954,0.013625968304160279,0.031967225635306504,250,5,0
MovieLens-1M,itemknn,sampled_unseen_negatives_with_target,target_margin,sensitivity,nmax100,lime,LIME,abstention,0.004,0.0,0.012,250,5,0
MovieLens-1M,itemknn,sampled_unseen_negatives_with_target,target_margin,sensitivity,nmax100,lime,LIME,normalized_regret_ndcg,0.2604105047542846,0.15535568235903832,0.3729404639179067,55,5,195
MovieLens-1M,itemknn,sampled_unseen_negatives_with_target,target_margin,sensitivity,nmax100,lime,LIME,intervention_success_ndcg,0.172,0.128,0.22,250,5,0
MovieLens-1M,itemknn,sampled_unseen_negatives_with_target,target_margin,sensitivity,nmax100,loo,Leave-one-out,joint_effect_ndcg,0.0219170238950882,0.013220921911184182,0.03157041085889891,250,5,0
MovieLens-1M,itemknn,sampled_unseen_negatives_with_target,target_margin,sensitivity,nmax100,loo,Leave-one-out,abstention,0.004,0.0,0.012,250,5,0
MovieLens-1M,itemknn,sampled_unseen_negatives_with_target,target_margin,sensitivity,nmax100,loo,Leave-one-out,normalized_regret_ndcg,0.24491283381921947,0.1411124029857753,0.356177079902359,55,5,195
MovieLens-1M,itemknn,sampled_unseen_negatives_with_target,target_margin,sensitivity,nmax100,loo,Leave-one-out,intervention_success_ndcg,0.176,0.128,0.224,250,5,0
MovieLens-1M,itemknn,sampled_unseen_negatives_with_target,target_margin,sensitivity,nmax100,random,Random control,joint_effect_ndcg,-0.002489343483213801,-0.006658582095689215,0.0011499715195146052,250,5,0
MovieLens-1M,itemknn,sampled_unseen_negatives_with_target,target_margin,sensitivity,nmax100,random,Random control,abstention,0.0008,0.0,0.0024000000000000002,250,5,0
MovieLens-1M,itemknn,sampled_unseen_negatives_with_target,target_margin,sensitivity,nmax100,random,Random control,normalized_regret_ndcg,1.1974680259175805,0.8961257467557899,1.6472426560466193,55,5,195
MovieLens-1M,itemknn,sampled_unseen_negatives_with_target,target_margin,sensitivity,nmax100,random,Random control,intervention_success_ndcg,0.0376,0.0248,0.052,250,5,0
MovieLens-1M,itemknn,sampled_unseen_negatives_with_target,target_margin,sensitivity,nmax100,shapley_mc,Monte Carlo Shapley,joint_effect_ndcg,0.023719689343457674,0.014665436657724948,0.03399149302400583,250,5,0
MovieLens-1M,itemknn,sampled_unseen_negatives_with_target,target_margin,sensitivity,nmax100,shapley_mc,Monte Carlo Shapley,abstention,0.0,0.0,0.0,250,5,0
MovieLens-1M,itemknn,sampled_unseen_negatives_with_target,target_margin,sensitivity,nmax100,shapley_mc,Monte Carlo Shapley,normalized_regret_ndcg,0.22825306167290682,0.13315050482212495,0.3330979933941087,55,5,195
MovieLens-1M,itemknn,sampled_unseen_negatives_with_target,target_margin,sensitivity,nmax100,shapley_mc,Monte Carlo Shapley,intervention_success_ndcg,0.17839999999999998,0.1328,0.22640000000000002,250,5,0
MovieLens-1M,itemknn,sampled_unseen_negatives_with_target,target_margin,sensitivity,nmax50,greedy_cf,Greedy counterfactual,joint_effect_ndcg,-0.004990549780259018,-0.016419087604898602,0.005985405011533315,250,5,0
MovieLens-1M,itemknn,sampled_unseen_negatives_with_target,target_margin,sensitivity,nmax50,greedy_cf,Greedy counterfactual,abstention,0.0,0.0,0.0,250,5,0
MovieLens-1M,itemknn,sampled_unseen_negatives_with_target,target_margin,sensitivity,nmax50,greedy_cf,Greedy counterfactual,normalized_regret_ndcg,2.0845837386975252,1.1345914158539208,3.310400796025631,61,5,189
MovieLens-1M,itemknn,sampled_unseen_negatives_with_target,target_margin,sensitivity,nmax50,greedy_cf,Greedy counterfactual,intervention_success_ndcg,0.068,0.04,0.1,250,5,0
MovieLens-1M,itemknn,sampled_unseen_negatives_with_target,target_margin,sensitivity,nmax50,lime,LIME,joint_effect_ndcg,0.02980911623495273,0.01983198814731853,0.04124667711519589,250,5,0
MovieLens-1M,itemknn,sampled_unseen_negatives_with_target,target_margin,sensitivity,nmax50,lime,LIME,abstention,0.004,0.0,0.012,250,5,0
MovieLens-1M,itemknn,sampled_unseen_negatives_with_target,target_margin,sensitivity,nmax50,lime,LIME,normalized_regret_ndcg,0.20902615044549624,0.12287456402118468,0.30292437956148205,61,5,189
MovieLens-1M,itemknn,sampled_unseen_negatives_with_target,target_margin,sensitivity,nmax50,lime,LIME,intervention_success_ndcg,0.20959999999999998,0.16,0.2608,250,5,0
MovieLens-1M,itemknn,sampled_unseen_negatives_with_target,target_margin,sensitivity,nmax50,loo,Leave-one-out,joint_effect_ndcg,0.029525927199467023,0.019589666154944375,0.040724335319772834,250,5,0
MovieLens-1M,itemknn,sampled_unseen_negatives_with_target,target_margin,sensitivity,nmax50,loo,Leave-one-out,abstention,0.004,0.0,0.012,250,5,0
MovieLens-1M,itemknn,sampled_unseen_negatives_with_target,target_margin,sensitivity,nmax50,loo,Leave-one-out,normalized_regret_ndcg,0.21503069207154005,0.1280175380209022,0.311944426267382,61,5,189
MovieLens-1M,itemknn,sampled_unseen_negatives_with_target,target_margin,sensitivity,nmax50,loo,Leave-one-out,intervention_success_ndcg,0.212,0.164,0.264,250,5,0
MovieLens-1M,itemknn,sampled_unseen_negatives_with_target,target_margin,sensitivity,nmax50,random,Random control,joint_effect_ndcg,-0.002362923611876559,-0.007147725861055355,0.002296596555841345,250,5,0
MovieLens-1M,itemknn,sampled_unseen_negatives_with_target,target_margin,sensitivity,nmax50,random,Random control,abstention,0.0008,0.0,0.0024000000000000002,250,5,0
MovieLens-1M,itemknn,sampled_unseen_negatives_with_target,target_margin,sensitivity,nmax50,random,Random control,normalized_regret_ndcg,1.5287767348438779,1.059040731653027,2.1672800062464623,61,5,189
MovieLens-1M,itemknn,sampled_unseen_negatives_with_target,target_margin,sensitivity,nmax50,random,Random control,intervention_success_ndcg,0.0512,0.035199999999999995,0.0688,250,5,0
MovieLens-1M,itemknn,sampled_unseen_negatives_with_target,target_margin,sensitivity,nmax50,shapley_mc,Monte Carlo Shapley,joint_effect_ndcg,0.029530972042003296,0.019394748657784653,0.04107302753641998,250,5,0
MovieLens-1M,itemknn,sampled_unseen_negatives_with_target,target_margin,sensitivity,nmax50,shapley_mc,Monte Carlo Shapley,abstention,0.0,0.0,0.0,250,5,0
MovieLens-1M,itemknn,sampled_unseen_negatives_with_target,target_margin,sensitivity,nmax50,shapley_mc,Monte Carlo Shapley,normalized_regret_ndcg,0.22711914183008736,0.13732960514253986,0.32479930695305653,61,5,189
MovieLens-1M,itemknn,sampled_unseen_negatives_with_target,target_margin,sensitivity,nmax50,shapley_mc,Monte Carlo Shapley,intervention_success_ndcg,0.2048,0.156,0.256,250,5,0
MovieLens-1M,itemknn,sampled_unseen_negatives_with_target,target_margin,sensitivity,rho025,greedy_cf,Greedy counterfactual,joint_effect_ndcg,0.005950102594109847,-0.006675635825578202,0.019308734401706332,250,5,0
MovieLens-1M,itemknn,sampled_unseen_negatives_with_target,target_margin,sensitivity,rho025,greedy_cf,Greedy counterfactual,abstention,0.0,0.0,0.0,250,5,0
MovieLens-1M,itemknn,sampled_unseen_negatives_with_target,target_margin,sensitivity,rho025,greedy_cf,Greedy counterfactual,normalized_regret_ndcg,0.9986674826925243,0.768173191050188,1.2962343480509313,98,5,152
MovieLens-1M,itemknn,sampled_unseen_negatives_with_target,target_margin,sensitivity,rho025,greedy_cf,Greedy counterfactual,intervention_success_ndcg,0.144,0.104,0.188,250,5,0
MovieLens-1M,itemknn,sampled_unseen_negatives_with_target,target_margin,sensitivity,rho025,lime,LIME,joint_effect_ndcg,0.06505155615835582,0.050621334378933965,0.08064704713362877,250,5,0
MovieLens-1M,itemknn,sampled_unseen_negatives_with_target,target_margin,sensitivity,rho025,lime,LIME,abstention,0.004,0.0,0.012,250,5,0
MovieLens-1M,itemknn,sampled_unseen_negatives_with_target,target_margin,sensitivity,rho025,lime,LIME,normalized_regret_ndcg,0.15645374842438559,0.09769663595867908,0.2209781463256265,98,5,152
MovieLens-1M,itemknn,sampled_unseen_negatives_with_target,target_margin,sensitivity,rho025,lime,LIME,intervention_success_ndcg,0.35760000000000003,0.29760000000000003,0.416,250,5,0
MovieLens-1M,itemknn,sampled_unseen_negatives_with_target,target_margin,sensitivity,rho025,loo,Leave-one-out,joint_effect_ndcg,0.06534713678881666,0.050697381484164264,0.08086999131023308,250,5,0
MovieLens-1M,itemknn,sampled_unseen_negatives_with_target,target_margin,sensitivity,rho025,loo,Leave-one-out,abstention,0.004,0.0,0.012,250,5,0
MovieLens-1M,itemknn,sampled_unseen_negatives_with_target,target_margin,sensitivity,rho025,loo,Leave-one-out,normalized_regret_ndcg,0.1440488313270731,0.08627793898223754,0.2069062076197259,98,5,152
MovieLens-1M,itemknn,sampled_unseen_negatives_with_target,target_margin,sensitivity,rho025,loo,Leave-one-out,intervention_success_ndcg,0.36,0.3,0.42,250,5,0
MovieLens-1M,itemknn,sampled_unseen_negatives_with_target,target_margin,sensitivity,rho025,random,Random control,joint_effect_ndcg,0.0001699052317245061,-0.0066550673554566,0.006964667852901791,250,5,0
MovieLens-1M,itemknn,sampled_unseen_negatives_with_target,target_margin,sensitivity,rho025,random,Random control,abstention,0.0008,0.0,0.0024000000000000002,250,5,0
MovieLens-1M,itemknn,sampled_unseen_negatives_with_target,target_margin,sensitivity,rho025,random,Random control,normalized_regret_ndcg,1.2587402327123287,0.9997255440651003,1.6052438449610122,98,5,152
MovieLens-1M,itemknn,sampled_unseen_negatives_with_target,target_margin,sensitivity,rho025,random,Random control,intervention_success_ndcg,0.09440000000000001,0.0712,0.1184,250,5,0
MovieLens-1M,itemknn,sampled_unseen_negatives_with_target,target_margin,sensitivity,rho025,shapley_mc,Monte Carlo Shapley,joint_effect_ndcg,0.06431180789607359,0.05016849628949611,0.07948209964492078,250,5,0
MovieLens-1M,itemknn,sampled_unseen_negatives_with_target,target_margin,sensitivity,rho025,shapley_mc,Monte Carlo Shapley,abstention,0.0,0.0,0.0,250,5,0
MovieLens-1M,itemknn,sampled_unseen_negatives_with_target,target_margin,sensitivity,rho025,shapley_mc,Monte Carlo Shapley,normalized_regret_ndcg,0.16908212828413088,0.11167852724943494,0.23003089459526774,98,5,152
MovieLens-1M,itemknn,sampled_unseen_negatives_with_target,target_margin,sensitivity,rho025,shapley_mc,Monte Carlo Shapley,intervention_success_ndcg,0.3584,0.30079999999999996,0.41919999999999996,250,5,0
