n_users,mean_diff,ci95,ci90,p_perm,p_wilcoxon,dz,dz_ci95,family,dataset,treatment,comparator,metric,p_perm_holm,p_wilcoxon_holm
6015,0.004854397547797174,"[0.0032638564607980047, 0.006468873238570241]","[0.0035043522178221116, 0.006208477140315877]",9.999000099990002e-05,2.262977525143422e-22,0.07708881594348001,"[0.0500841465950839, 0.10586323842860638]",ngcf_loo,ml1m,loo-marginal,uniform,NDCG@20,0.0011998800119988001,2.7155730301721065e-21
6015,0.004539797465336659,"[0.0029262367674646717, 0.0061338954029758926]","[0.0031831355334330843, 0.005900232434713217]",9.999000099990002e-05,2.0621945385156433e-21,0.07102170844241591,"[0.04409064152840887, 0.09918522299840862]",ngcf_loo,ml1m,loo-marginal,additive-pref,NDCG@20,0.0011998800119988001,2.0621945385156433e-20
6015,0.0040248829409808805,"[0.00236673724433084, 0.005704525123491271]","[0.002620746738719867, 0.005438071419052368]",9.999000099990002e-05,5.646925557485078e-20,0.06086675402829399,"[0.03426919648225777, 0.08980303859361188]",ngcf_loo,ml1m,loo-marginal,attention,NDCG@20,0.0011998800119988001,5.08223300173657e-19
6015,0.004681919561097257,"[0.0030536220588611804, 0.00626428864267664]","[0.003310124545103907, 0.006005138913915212]",9.999000099990002e-05,6.4073609193281535e-22,0.07376124422718687,"[0.04633508417660941, 0.10170946552811799]",ngcf_loo,ml1m,loo-marginal,heuristic-pop,NDCG@20,0.0011998800119988001,7.04809701126097e-21
6015,0.0041453007138819616,"[0.002611896388669992, 0.005609063159850374]","[0.002856433933366584, 0.005391996782676639]",9.999000099990002e-05,1.0131092792079763e-19,0.068923300193233,"[0.04192875789784933, 0.09662429270843642]",ngcf_loo,ml1m,loo-marginal,valid-sim,NDCG@20,0.0011998800119988001,8.10487423366381e-19
6015,0.002623926684954281,"[0.0014622346612801328, 0.003799247206201163]","[0.0016381469190024935, 0.003597555417556109]",9.999000099990002e-05,1.5509780355363037e-07,0.05693228772394182,"[0.031586737094987556, 0.08276084759647837]",ngcf_loo,ml1m,loo-marginal,valid-linear,NDCG@20,0.0011998800119988001,3.1019560710726075e-07
6015,0.011770573566084788,"[0.00801330008312552, 0.015527847049044058]","[0.008645054031587697, 0.014896093100581882]",9.999000099990002e-05,1.9693761217194014e-11,0.07900606497697188,"[0.05386868511093279, 0.10471028067683277]",ngcf_loo,ml1m,loo-marginal,uniform,HitRate@20,0.0011998800119988001,1.378563285203581e-10
6015,0.01113881961762261,"[0.0072152950955943485, 0.014995843724023274]","[0.007847049044056526, 0.014330839567747299]",9.999000099990002e-05,2.3121103808854965e-10,0.07422076871728739,"[0.04797597625117229, 0.0996325669635746]",ngcf_loo,ml1m,loo-marginal,additive-pref,HitRate@20,0.0011998800119988001,1.1560551904427481e-09
6015,0.010374064837905237,"[0.006450540315876975, 0.014297589359933499]","[0.007082294264339153, 0.013632585203657522]",9.999000099990002e-05,3.970463390181863e-09,0.06726870463064605,"[0.04163372186065605, 0.09233240785126524]",ngcf_loo,ml1m,loo-marginal,attention,HitRate@20,0.0011998800119988001,1.2541437747118638e-08
6015,0.011238570241064005,"[0.007381546134663341, 0.014962593516209476]","[0.00798004987531172, 0.014430590191188697]",9.999000099990002e-05,1.6103054144816801e-10,0.07487808781460702,"[0.04908449567564319, 0.10027814189938485]",ngcf_loo,ml1m,loo-marginal,heuristic-pop,HitRate@20,0.0011998800119988001,9.661832486890081e-10
6015,0.009941812136325853,"[0.006349958437240234, 0.013566084788029923]","[0.00688279301745636, 0.013000831255195348]",9.999000099990002e-05,3.1353594367796595e-09,0.06903505462735729,"[0.04383454403621413, 0.0942329425088937]",ngcf_loo,ml1m,loo-marginal,valid-sim,HitRate@20,0.0011998800119988001,1.2541437747118638e-08
6015,0.00428927680798005,"[0.001662510390689942, 0.007049044056525353]","[0.002061512884455528, 0.0065519534497090375]",0.0013998600139986002,0.0006129511322511587,0.04052608496257956,"[0.01576006523966573, 0.06637823610615681]",ngcf_loo,ml1m,loo-marginal,valid-linear,HitRate@20,0.0013998600139986002,0.0006129511322511587
7417,0.0016830491042200348,"[0.0012692108098759606, 0.00211373129671026]","[0.001332039277834704, 0.0020474467860186057]",9.999000099990002e-05,8.598464856906299e-13,0.08824869569041836,"[0.06990864448901495, 0.10605455619514416]",ngcf_loo,amazon_books,loo-marginal,uniform,NDCG@20,0.0011998800119988001,1.0318157828287558e-11
7417,0.0015038067792908184,"[0.0010998738320075502, 0.0019247688469866521]","[0.001163482712808413, 0.001856726266374545]",9.999000099990002e-05,6.397764337742032e-12,0.08240492675289166,"[0.06345393337491892, 0.10089179713464445]",ngcf_loo,amazon_books,loo-marginal,additive-pref,NDCG@20,0.0011998800119988001,7.037540771516235e-11
7417,0.0013713240978832412,"[0.0009755702118781177, 0.0017828663378791963]","[0.0010376472878657137, 0.0017181293329917757]",9.999000099990002e-05,5.641551374363813e-11,0.07697052525745302,"[0.057465790073592565, 0.09576575595877525]",ngcf_loo,amazon_books,loo-marginal,attention,NDCG@20,0.0011998800119988001,4.5132410994910503e-10
7417,0.0014737499077794255,"[0.0010726214148712417, 0.001890378532647971]","[0.0011356543870837264, 0.001819673788297155]",9.999000099990002e-05,7.598349692549625e-12,0.08278325429806667,"[0.06336363649293128, 0.10114939098373882]",ngcf_loo,amazon_books,loo-marginal,heuristic-pop,NDCG@20,0.0011998800119988001,7.598349692549626e-11
7417,0.0013258697478765,"[0.0009462998522920318, 0.0017148370976203318]","[0.001007608966954294, 0.0016523110402318997]",9.999000099990002e-05,1.6433458664634956e-10,0.07834786145956699,"[0.0586761077695372, 0.09708034017887553]",ngcf_loo,amazon_books,loo-marginal,valid-sim,NDCG@20,0.0011998800119988001,1.1503421065244469e-09
7417,0.001378760355939059,"[0.000985014044883376, 0.0017841339995955238]","[0.001042973208763651, 0.0017188222042604825]",9.999000099990002e-05,2.470258573469393e-08,0.07758092353173542,"[0.058520067121639055, 0.09510492538200567]",ngcf_loo,amazon_books,loo-marginal,valid-linear,NDCG@20,0.0011998800119988001,7.410775720408179e-08
7417,0.003721181070513685,"[0.0026425778616691385, 0.0048267493595793454]","[0.0028043683429958203, 0.004664958878252663]",9.999000099990002e-05,3.804762517915344e-11,0.07731936371460274,"[0.05715603484443122, 0.09675527221996803]",ngcf_loo,amazon_books,loo-marginal,uniform,HitRate@20,0.0011998800119988001,3.4242862661238093e-10
7417,0.0034515302683025485,"[0.0023998921396791158, 0.004557098557368208]","[0.0025347175407846845, 0.004395308076041526]",9.999000099990002e-05,4.418552646949022e-10,0.07236322041456901,"[0.051956319394090365, 0.09236156494393795]",ngcf_loo,amazon_books,loo-marginal,additive-pref,HitRate@20,0.0011998800119988001,2.209276323474511e-09
7417,0.003397600107860321,"[0.0023729270594580023, 0.004503168396925982]","[0.002534717540784684, 0.004314412835378185]",9.999000099990002e-05,2.3243451515003073e-10,0.07243889703701094,"[0.05161429193422594, 0.0931072147949683]",ngcf_loo,amazon_books,loo-marginal,attention,HitRate@20,0.0011998800119988001,1.3946070909001843e-09
7417,0.0033436699474180937,"[0.002318996899015775, 0.004422273156262641]","[0.0024807873803424567, 0.004260482674935958]",9.999000099990002e-05,9.362695099859605e-10,0.07163526391378588,"[0.05194509064044733, 0.09132522510173419]",ngcf_loo,amazon_books,loo-marginal,heuristic-pop,HitRate@20,0.0011998800119988001,3.745078039943842e-09
7417,0.0028313334232169343,"[0.0017796952945935015, 0.0038829715518403675]","[0.0019684508561412972, 0.003721181070513685]",9.999000099990002e-05,7.09769493270638e-08,0.0630801474694357,"[0.04139056120402109, 0.08389061425571495]",ngcf_loo,amazon_books,loo-marginal,valid-sim,HitRate@20,0.0011998800119988001,1.419538986541276e-07
7417,0.002777403262774707,"[0.0017527302143723878, 0.0037751112309559126]","[0.0019414857759201833, 0.003640285829850344]",9.999000099990002e-05,9.3760371968452e-08,0.06271912672468531,"[0.04093957022568375, 0.08367778131019371]",ngcf_loo,amazon_books,loo-marginal,valid-linear,HitRate@20,0.0011998800119988001,1.419538986541276e-07
6015,0.003387999434746467,"[0.002460097793266833, 0.004315836415286783]","[0.0025965848590191187, 0.004178635011438071]",9.999000099990002e-05,1.3492641970876834e-29,0.09093573790077647,"[0.0637565972472116, 0.12040128646590666]",ngcf_shapley,ml1m,shapley-mc,uniform,NDCG@20,0.0007999200079992001,1.0794113576701467e-28
6015,0.002678902600831255,"[0.0017840827712718203, 0.003558704894438903]","[0.0019477394169908565, 0.003400013603009143]",9.999000099990002e-05,9.460552348900173e-25,0.07757332638360845,"[0.04984612395286278, 0.1065901914270277]",ngcf_shapley,ml1m,shapley-mc,valid-sim,NDCG@20,0.0007999200079992001,6.622386644230121e-24
6015,0.0011575285719035745,"[0.00017258554370739817, 0.002155610349775561]","[0.00032609824244389046, 0.0019847496556608477]",0.0263973602639736,0.43460956254108307,0.028956329431253685,"[0.004428252962449243, 0.052622773377205084]",ngcf_shapley,ml1m,shapley-mc,valid-linear,NDCG@20,0.0791920807919208,0.5239708066836986
6015,-0.0014663981130507062,"[-0.002603318994064838, -0.0003190986196591866]","[-0.002431696317738986, -0.0005006105218952624]",0.012798720127987202,2.5021277299718994e-08,-0.03204097073901535,"[-0.058802792420495534, -0.006792026292897528]",ngcf_shapley,ml1m,shapley-mc,loo-marginal,NDCG@20,0.05119488051194881,1.0008510919887597e-07
6015,0.009044056525353285,"[0.00658354114713217, 0.011537822111388197]","[0.006982543640897756, 0.011105569409808813]",9.999000099990002e-05,9.62919434235253e-15,0.09255142746590915,"[0.06731979090716296, 0.11760069969943553]",ngcf_shapley,ml1m,shapley-mc,uniform,HitRate@20,0.0007999200079992001,5.777516605411518e-14
6015,0.007215295095594348,"[0.004921030756442228, 0.0095436408977556]","[0.005286783042394014, 0.009210307564422277]",9.999000099990002e-05,1.6330086621862447e-11,0.07865586840956293,"[0.05381172993647163, 0.10428070659141209]",ngcf_shapley,ml1m,shapley-mc,valid-sim,HitRate@20,0.0007999200079992001,8.165043310931224e-11
6015,0.0015627597672485457,"[-0.0010972568578553616, 0.004123025768911056]","[-0.000631753948462178, 0.0037240232751454706]",0.24567543245675433,0.2619854033418493,0.015193540153051042,"[-0.010595556301391392, 0.03982408060300552]",ngcf_shapley,ml1m,shapley-mc,valid-linear,HitRate@20,0.24567543245675433,0.5239708066836986
6015,-0.0027265170407315045,"[-0.005685785536159602, 0.00016625103906899404]","[-0.005188694929343307, -0.00033250207813798836]",0.06929307069293071,0.01256186772056376,-0.024009561526824746,"[-0.05056817422560687, 0.001383710866476487]",ngcf_shapley,ml1m,shapley-mc,loo-marginal,HitRate@20,0.13858614138586142,0.03768560316169128
7417,0.00116100325037077,"[0.0008455220758527707, 0.0014882849715788056]","[0.000894763737117433, 0.0014373462486989349]",9.999000099990002e-05,2.475698552292687e-13,0.08213910648496162,"[0.0621868196091353, 0.10141470720701883]",ngcf_shapley,amazon_books,shapley-mc,uniform,NDCG@20,0.0007999200079992001,1.9805588418341497e-12
7417,0.0008038238940272348,"[0.0005447698285695026, 0.0010753926294997977]","[0.0005828201315221787, 0.001032245460361332]",9.999000099990002e-05,9.748696542254293e-10,0.06856378677656716,"[0.04815846495204879, 0.08808686270977514]",ngcf_shapley,amazon_books,shapley-mc,valid-sim,NDCG@20,0.0007999200079992001,6.824087579578005e-09
7417,0.0008567145020897936,"[0.000554721481077255, 0.001180441282931104]","[0.0006000488545099097, 0.0011281294654172844]",9.999000099990002e-05,7.797762800558211e-05,0.06265556033852014,"[0.04304136699842984, 0.08146228801154869]",ngcf_shapley,amazon_books,shapley-mc,valid-linear,NDCG@20,0.0007999200079992001,0.00023393288401674632
7417,-0.0005220458538492651,"[-0.0007599588364365646, -0.00028949371580153695]","[-0.0007216202367803695, -0.0003252506092490225]",9.999000099990002e-05,1.4382476482115168e-05,-0.050380526886399345,"[-0.07100640167874214, -0.02874158206565089]",ngcf_shapley,amazon_books,shapley-mc,loo-marginal,NDCG@20,0.0007999200079992001,7.191238241057583e-05
7417,0.002534717540784684,"[0.001671834973709047, 0.003398274234865839]","[0.0018066603748146154, 0.0032627747067547528]",9.999000099990002e-05,7.213107443454687e-09,0.06758081304063869,"[0.046711589998813634, 0.08760480585755456]",ngcf_shapley,amazon_books,shapley-mc,uniform,HitRate@20,0.0007999200079992001,4.327864466072812e-08
7417,0.0016448698934879334,"[0.0008898476472967506, 0.0024268572199002292]","[0.0009977079681812056, 0.002292031818794661]",9.999000099990002e-05,2.4957280822226863e-05,0.049286520683174316,"[0.026990322169230842, 0.07114080887769764]",ngcf_shapley,amazon_books,shapley-mc,valid-sim,HitRate@20,0.0007999200079992001,9.982912328890745e-05
7417,0.001590939733045706,"[0.0007550222461911824, 0.0024268572199002292]","[0.0008898476472967506, 0.0023189968990157744]",0.0004999500049995,0.0002973850739817697,0.04244037012091844,"[0.02031834889686944, 0.0638886792443317]",ngcf_shapley,amazon_books,shapley-mc,valid-linear,HitRate@20,0.000999900009999,0.0005947701479635394
7417,-0.0011864635297290011,"[-0.0018605905352568424, -0.0005393016044222731]","[-0.0017527302143723878, -0.0006471619253067278]",0.0006999300069993001,0.0005491156245065098,-0.04067614124021378,"[-0.06142425622043904, -0.019148698493250845]",ngcf_shapley,amazon_books,shapley-mc,loo-marginal,HitRate@20,0.000999900009999,0.0005947701479635394
