seed,mask_a,mask_b,crn_difference,independent_difference,paired_difference,crn_run,independent_run
300,0,1,0.30337064745384945,0.30336441747692394,6.229976925509195e-06,runs/reviewer-crn-click/crn-click-True-300-0-1-20260815T225338Z-4383fec9,runs/reviewer-crn-click/crn-click-False-300-0-1-20260815T230546Z-c6caa3b9
301,0,1,0.30485678290951124,0.30485221802561513,4.564883896107652e-06,runs/reviewer-crn-click/crn-click-True-301-0-1-20260815T231708Z-075e3272,runs/reviewer-crn-click/crn-click-False-301-0-1-20260815T232828Z-5c5724e4
302,0,1,0.30112941109049685,0.301130479645741,-1.0685552441769275e-06,runs/reviewer-crn-click/crn-click-True-302-0-1-20260815T233956Z-6bc9c8d2,runs/reviewer-crn-click/crn-click-False-302-0-1-20260815T235115Z-d057cc96
303,0,1,0.3032868965595965,0.30328742037301115,-5.238134146434703e-07,runs/reviewer-crn-click/crn-click-True-303-0-1-20260816T000249Z-e9d515be,runs/reviewer-crn-click/crn-click-False-303-0-1-20260816T001458Z-4e371719
304,0,1,0.30291791947370444,0.30291703990874663,8.795649578119402e-07,runs/reviewer-crn-click/crn-click-True-304-0-1-20260816T003745Z-78d8eb4b,runs/reviewer-crn-click/crn-click-False-304-0-1-20260816T005444Z-9f9fbd11
305,0,1,0.30227965559781433,0.3022886570068628,-9.001409048470244e-06,runs/reviewer-crn-click/crn-click-True-305-0-1-20260816T010612Z-b9d00894,runs/reviewer-crn-click/crn-click-False-305-0-1-20260816T011734Z-e34e5bbe
306,0,1,0.3014426434696567,0.30144832611710887,-5.682647452154299e-06,runs/reviewer-crn-click/crn-click-True-306-0-1-20260816T012850Z-de3ab44a,runs/reviewer-crn-click/crn-click-False-306-0-1-20260816T014120Z-75c6e01f
307,0,1,0.30179495245854204,0.30179408838127275,8.640772692913856e-07,runs/reviewer-crn-click/crn-click-True-307-0-1-20260816T015523Z-f1205ac5,runs/reviewer-crn-click/crn-click-False-307-0-1-20260816T021346Z-b361fe43
308,0,1,0.3028776288074337,0.30287995448590493,-2.325678471248871e-06,runs/reviewer-crn-click/crn-click-True-308-0-1-20260816T023109Z-c83875fd,runs/reviewer-crn-click/crn-click-False-308-0-1-20260816T024558Z-bbb43bb5
309,0,1,0.3037204295730284,0.30371307622747556,7.353345552851831e-06,runs/reviewer-crn-click/crn-click-True-309-0-1-20260816T030201Z-55e3f85c,runs/reviewer-crn-click/crn-click-False-309-0-1-20260816T031717Z-c291d2cf
310,0,1,0.3018828086462523,0.30187772303669813,5.085609554145165e-06,runs/reviewer-crn-click/crn-click-True-310-0-1-20260816T033341Z-071806b4,runs/reviewer-crn-click/crn-click-False-310-0-1-20260816T034952Z-1ef94349
311,0,1,0.30055282835434693,0.3005659642504452,-1.3135896098248612e-05,runs/reviewer-crn-click/crn-click-True-311-0-1-20260816T040642Z-c525de08,runs/reviewer-crn-click/crn-click-False-311-0-1-20260816T042335Z-9feb9f3b
312,0,1,0.30397731664338534,0.30398597932477833,-8.662681392990201e-06,runs/reviewer-crn-click/crn-click-True-312-0-1-20260816T044019Z-a54287ac,runs/reviewer-crn-click/crn-click-False-312-0-1-20260816T045553Z-89a58a87
313,0,1,0.3057251959016809,0.3057237815858559,1.4143158250101706e-06,runs/reviewer-crn-click/crn-click-True-313-0-1-20260816T051048Z-ca687edf,runs/reviewer-crn-click/crn-click-False-313-0-1-20260816T054957Z-3795e95b
314,0,1,0.3028560336507576,0.30286117925875056,-5.145607992973478e-06,runs/reviewer-crn-click/crn-click-True-314-0-1-20260816T062940Z-03015e79,runs/reviewer-crn-click/crn-click-False-314-0-1-20260816T072331Z-f4cdd88d
315,0,1,0.3023296595449151,0.30232870441790083,9.55127014257151e-07,runs/reviewer-crn-click/crn-click-True-315-0-1-20260816T080319Z-a5bb95ff,runs/reviewer-crn-click/crn-click-False-315-0-1-20260816T103943Z-c73d80a0
316,0,1,0.30477672892280405,0.304766107005821,1.0621916983033497e-05,runs/reviewer-crn-click/crn-click-True-316-0-1-20260816T110248Z-33862fbc,runs/reviewer-crn-click/crn-click-False-316-0-1-20260816T112328Z-90a5133f
317,0,1,0.3040446654768555,0.3040452192253986,-5.537485431306166e-07,runs/reviewer-crn-click/crn-click-True-317-0-1-20260816T115233Z-6949c36a,runs/reviewer-crn-click/crn-click-False-317-0-1-20260816T121944Z-a520c9bb
318,0,1,0.29920892898346063,0.2992028847033721,6.044280088546294e-06,runs/reviewer-crn-click/crn-click-True-318-0-1-20260816T124710Z-0f705869,runs/reviewer-crn-click/crn-click-False-318-0-1-20260816T131535Z-a732da3a
319,0,1,0.300498710009488,0.3004906340201089,8.075989379130455e-06,runs/reviewer-crn-click/crn-click-True-319-0-1-20260816T134416Z-7d3a502f,runs/reviewer-crn-click/crn-click-False-319-0-1-20260816T141309Z-1d293555
300,1,5,-0.07628334975219422,-0.07628526713453204,1.917382337818241e-06,runs/reviewer-crn-click/crn-click-True-300-1-5-20260816T144334Z-20ef7c0b,runs/reviewer-crn-click/crn-click-False-300-1-5-20260816T151529Z-df5bdc43
301,1,5,-0.0767329836559178,-0.07673634365416479,3.359998246993401e-06,runs/reviewer-crn-click/crn-click-True-301-1-5-20260816T154704Z-25290e5e,runs/reviewer-crn-click/crn-click-False-301-1-5-20260816T161715Z-d0199bae
302,1,5,-0.07626387248065039,-0.07627465539601241,1.0782915362023138e-05,runs/reviewer-crn-click/crn-click-True-302-1-5-20260816T163558Z-f3ed8232,runs/reviewer-crn-click/crn-click-False-302-1-5-20260816T164857Z-065c943c
303,1,5,-0.0766681075721492,-0.07666636428875193,-1.7432833972763628e-06,runs/reviewer-crn-click/crn-click-True-303-1-5-20260816T170016Z-f6e2fb94,runs/reviewer-crn-click/crn-click-False-303-1-5-20260816T171122Z-c98984e9
304,1,5,-0.07586852611540221,-0.07586988262472305,1.3565093208434131e-06,runs/reviewer-crn-click/crn-click-True-304-1-5-20260816T172420Z-f4183594,runs/reviewer-crn-click/crn-click-False-304-1-5-20260816T173920Z-1d9da930
305,1,5,-0.07639988500267089,-0.07640406409245137,4.1790897804816485e-06,runs/reviewer-crn-click/crn-click-True-305-1-5-20260816T175237Z-20e4142f,runs/reviewer-crn-click/crn-click-False-305-1-5-20260816T180559Z-08aa4cc0
306,1,5,-0.07631876258806466,-0.07632666191242207,7.8993243574077e-06,runs/reviewer-crn-click/crn-click-True-306-1-5-20260816T181932Z-a34b7bbe,runs/reviewer-crn-click/crn-click-False-306-1-5-20260816T183231Z-a3683a2d
307,1,5,-0.07592893665935585,-0.07592179494210705,-7.141717248804191e-06,runs/reviewer-crn-click/crn-click-True-307-1-5-20260816T184408Z-c68f826b,runs/reviewer-crn-click/crn-click-False-307-1-5-20260816T185501Z-2acc845c
308,1,5,-0.07626122594689533,-0.07626876069375502,7.53474685968869e-06,runs/reviewer-crn-click/crn-click-True-308-1-5-20260816T190547Z-acae75c6,runs/reviewer-crn-click/crn-click-False-308-1-5-20260816T191637Z-4ca11f7d
309,1,5,-0.07648560928006698,-0.0764812020004147,-4.4072796522853785e-06,runs/reviewer-crn-click/crn-click-True-309-1-5-20260816T192737Z-228fe0de,runs/reviewer-crn-click/crn-click-False-309-1-5-20260816T195003Z-a424f5b6
310,1,5,-0.07655298592033227,-0.07655269659461778,-2.8932571449757916e-07,runs/reviewer-crn-click/crn-click-True-310-1-5-20260816T200143Z-c6567f0c,runs/reviewer-crn-click/crn-click-False-310-1-5-20260816T201246Z-0d4a95f3
311,1,5,-0.07628699111620421,-0.07629440191809816,7.410801893953378e-06,runs/reviewer-crn-click/crn-click-True-311-1-5-20260816T202421Z-63942aa8,runs/reviewer-crn-click/crn-click-False-311-1-5-20260816T203556Z-9f69fbcc
312,1,5,-0.07607028786745382,-0.07608277288691956,1.2485019465741098e-05,runs/reviewer-crn-click/crn-click-True-312-1-5-20260816T204652Z-e3e5e390,runs/reviewer-crn-click/crn-click-False-312-1-5-20260816T210003Z-bc59ed85
313,1,5,-0.07646218637632884,-0.07646956962159202,7.383245263170579e-06,runs/reviewer-crn-click/crn-click-True-313-1-5-20260816T211048Z-a17dfe4e,runs/reviewer-crn-click/crn-click-False-313-1-5-20260816T212133Z-23fecfb8
314,1,5,-0.07633974013647091,-0.07634475082433617,5.010687865264485e-06,runs/reviewer-crn-click/crn-click-True-314-1-5-20260816T213226Z-b166a079,runs/reviewer-crn-click/crn-click-False-314-1-5-20260816T214312Z-429ddaa4
315,1,5,-0.07623765943300681,-0.07623750877931593,-1.5065369088351765e-07,runs/reviewer-crn-click/crn-click-True-315-1-5-20260816T215407Z-8580391b,runs/reviewer-crn-click/crn-click-False-315-1-5-20260816T220433Z-ef7fe2d8
316,1,5,-0.07651726509673787,-0.07651333506839073,-3.930028347143288e-06,runs/reviewer-crn-click/crn-click-True-316-1-5-20260816T221507Z-1400a9d9,runs/reviewer-crn-click/crn-click-False-316-1-5-20260816T222700Z-7c809e8a
317,1,5,-0.07621424007796551,-0.07621419423496126,-4.584300425380938e-08,runs/reviewer-crn-click/crn-click-True-317-1-5-20260817T000549Z-b3be9c2e,runs/reviewer-crn-click/crn-click-False-317-1-5-20260817T002010Z-07197252
318,1,5,-0.07626399870983017,-0.07625413448782392,-9.864222006245038e-06,runs/reviewer-crn-click/crn-click-True-318-1-5-20260817T003034Z-470e8d80,runs/reviewer-crn-click/crn-click-False-318-1-5-20260817T012009Z-8682cc7e
319,1,5,-0.07630316602338114,-0.07629194728658084,-1.1218736800294726e-05,runs/reviewer-crn-click/crn-click-True-319-1-5-20260817T023309Z-c61f437d,runs/reviewer-crn-click/crn-click-False-319-1-5-20260817T024607Z-b29178ad
