point_id,seed,cure_run_dir,mode,status,base_feasible,selected_mask,selected_interventions,lower_improvement,upper_improvement,cost,relevance_delta_lower,provider_disparity_upper,fatigue_upper,feasible,reason,action
baseline,42,/Users/mlouhichi/Desktop/CURE-Rec/next-paper/paper-ideas/CURE-Rec/code/runs/calibration-lhs-20260806T195446Z/baseline/seed-sweep-20260806T195446Z/runs/calibration-baseline-seed-42-20260806T195446Z-a7ee83c5,repair,repair_selected,False,1,"('repeat_cap',)",0.2985139280765191,0.3130691025188375,0.05,-0.04413677084635825,0.22587191358024694,0.0,True,Base policy violates robust constraints; selected the best feasible repair by maximin improvement.,repair_selected
baseline,43,/Users/mlouhichi/Desktop/CURE-Rec/next-paper/paper-ideas/CURE-Rec/code/runs/calibration-lhs-20260806T195446Z/baseline/seed-sweep-20260806T195446Z/runs/calibration-baseline-seed-43-20260806T200536Z-b530d05f,improvement,improve_selected,True,1,"('repeat_cap',)",0.2962023794050887,0.3109911409956607,0.05,-0.029898931403684492,0.2027854938271605,0.0,True,Base policy is feasible; selected the exact maximin-improvement portfolio.,improve_selected
baseline,44,/Users/mlouhichi/Desktop/CURE-Rec/next-paper/paper-ideas/CURE-Rec/code/runs/calibration-lhs-20260806T195446Z/baseline/seed-sweep-20260806T195446Z/runs/calibration-baseline-seed-44-20260806T213514Z-832ef714,repair,repair_selected,False,1,"('repeat_cap',)",0.29276096362793325,0.30577479791996376,0.05,-0.04315057993014337,0.21989969135802467,0.0,True,Base policy violates robust constraints; selected the best feasible repair by maximin improvement.,repair_selected
baseline,45,/Users/mlouhichi/Desktop/CURE-Rec/next-paper/paper-ideas/CURE-Rec/code/runs/calibration-lhs-20260806T195446Z/baseline/seed-sweep-20260806T195446Z/runs/calibration-baseline-seed-45-20260806T214605Z-c8a64080,repair,repair_selected,False,1,"('repeat_cap',)",0.2939286070597903,0.3137331706529291,0.05,-0.03773408964459812,0.25683641975308635,0.0,True,Base policy violates robust constraints; selected the best feasible repair by maximin improvement.,repair_selected
baseline,46,/Users/mlouhichi/Desktop/CURE-Rec/next-paper/paper-ideas/CURE-Rec/code/runs/calibration-lhs-20260806T195446Z/baseline/seed-sweep-20260806T195446Z/runs/calibration-baseline-seed-46-20260806T215700Z-a1072a16,repair,repair_selected,False,1,"('repeat_cap',)",0.293002483007298,0.3109411815143742,0.05,-0.036125545165068274,0.21988425925925914,0.0,True,Base policy violates robust constraints; selected the best feasible repair by maximin improvement.,repair_selected
lhs-001,42,/Users/mlouhichi/Desktop/CURE-Rec/next-paper/paper-ideas/CURE-Rec/code/runs/calibration-lhs-20260806T195446Z/lhs-001/seed-sweep-20260806T220753Z/runs/calibration-lhs-001-seed-42-20260806T220753Z-c9e59301,repair,repair_selected,False,5,"('repeat_cap', 'tail_slot')",-0.03273765775413423,-0.028026278251002124,0.13,-0.0485178166690835,0.16427015250544663,0.6381454047655588,True,Base policy violates robust constraints; selected the best feasible repair by maximin improvement.,repair_selected
lhs-001,43,/Users/mlouhichi/Desktop/CURE-Rec/next-paper/paper-ideas/CURE-Rec/code/runs/calibration-lhs-20260806T195446Z/lhs-001/seed-sweep-20260806T220753Z/runs/calibration-lhs-001-seed-43-20260806T222321Z-50363ab7,repair,repair_selected,False,5,"('repeat_cap', 'tail_slot')",-0.0319739293797813,-0.025945549992991424,0.13,-0.03935707481592776,0.15375272331154677,0.6372079492313056,True,Base policy violates robust constraints; selected the best feasible repair by maximin improvement.,repair_selected
lhs-001,44,/Users/mlouhichi/Desktop/CURE-Rec/next-paper/paper-ideas/CURE-Rec/code/runs/calibration-lhs-20260806T195446Z/lhs-001/seed-sweep-20260806T220753Z/runs/calibration-lhs-001-seed-44-20260806T224135Z-d3c62e6e,repair,repair_selected,False,5,"('repeat_cap', 'tail_slot')",-0.03475818387077223,-0.02998313209385131,0.13,-0.04208802471277995,0.1574237472766884,0.6379462375074277,True,Base policy violates robust constraints; selected the best feasible repair by maximin improvement.,repair_selected
lhs-001,45,/Users/mlouhichi/Desktop/CURE-Rec/next-paper/paper-ideas/CURE-Rec/code/runs/calibration-lhs-20260806T195446Z/lhs-001/seed-sweep-20260806T220753Z/runs/calibration-lhs-001-seed-45-20260806T225835Z-352a98a8,repair,repair_selected,False,5,"('repeat_cap', 'tail_slot')",-0.034117572353672826,-0.026290334459962372,0.13,-0.03618101636520121,0.2163235294117647,0.6377904530481412,True,Base policy violates robust constraints; selected the best feasible repair by maximin improvement.,repair_selected
lhs-001,46,/Users/mlouhichi/Desktop/CURE-Rec/next-paper/paper-ideas/CURE-Rec/code/runs/calibration-lhs-20260806T195446Z/lhs-001/seed-sweep-20260806T220753Z/runs/calibration-lhs-001-seed-46-20260806T231403Z-0f6fe9ca,repair,repair_selected,False,5,"('repeat_cap', 'tail_slot')",-0.03335874094085631,-0.0262688014210741,0.13,-0.042121559344993176,0.1762091503267973,0.6377186021112318,True,Base policy violates robust constraints; selected the best feasible repair by maximin improvement.,repair_selected
lhs-002,42,/Users/mlouhichi/Desktop/CURE-Rec/next-paper/paper-ideas/CURE-Rec/code/runs/calibration-lhs-20260806T195446Z/lhs-002/seed-sweep-20260806T232931Z/runs/calibration-lhs-002-seed-42-20260806T232931Z-44d83066,repair,repair_selected,False,1,"('repeat_cap',)",0.17716515369943797,0.1899849563564499,0.05,-0.03831622423875081,0.23603703703703705,0.23087379457708634,True,Base policy violates robust constraints; selected the best feasible repair by maximin improvement.,repair_selected
lhs-002,43,/Users/mlouhichi/Desktop/CURE-Rec/next-paper/paper-ideas/CURE-Rec/code/runs/calibration-lhs-20260806T195446Z/lhs-002/seed-sweep-20260806T232931Z/runs/calibration-lhs-002-seed-43-20260806T233836Z-1331f959,improvement,improve_selected,True,1,"('repeat_cap',)",0.17500212567152018,0.18736439620707424,0.05,-0.025472832928194244,0.20333333333333337,0.2308926170719843,True,Base policy is feasible; selected the exact maximin-improvement portfolio.,improve_selected
lhs-002,44,/Users/mlouhichi/Desktop/CURE-Rec/next-paper/paper-ideas/CURE-Rec/code/runs/calibration-lhs-20260806T195446Z/lhs-002/seed-sweep-20260806T232931Z/runs/calibration-lhs-002-seed-44-20260806T234738Z-73e9eaee,repair,repair_selected,False,1,"('repeat_cap',)",0.17285655440593028,0.18312417407964443,0.05,-0.039196731651210404,0.22154629629629619,0.23062656298936204,True,Base policy violates robust constraints; selected the best feasible repair by maximin improvement.,repair_selected
lhs-002,45,/Users/mlouhichi/Desktop/CURE-Rec/next-paper/paper-ideas/CURE-Rec/code/runs/calibration-lhs-20260806T195446Z/lhs-002/seed-sweep-20260806T232931Z/runs/calibration-lhs-002-seed-45-20260806T235639Z-a0382f06,repair,repair_selected,False,3,"('repeat_cap', 'explore_slot')",0.12444598686198494,0.14108546299606983,0.11465633356925618,-0.03524473803716133,0.25650925925925927,0.2104361858478435,True,Base policy violates robust constraints; selected the best feasible repair by maximin improvement.,repair_selected
lhs-002,46,/Users/mlouhichi/Desktop/CURE-Rec/next-paper/paper-ideas/CURE-Rec/code/runs/calibration-lhs-20260806T195446Z/lhs-002/seed-sweep-20260806T232931Z/runs/calibration-lhs-002-seed-46-20260807T000544Z-86f0ba20,repair,repair_selected,False,1,"('repeat_cap',)",0.1725593734000882,0.18920748962273704,0.05,-0.030304232364925188,0.22924074074074063,0.23079292317076475,True,Base policy violates robust constraints; selected the best feasible repair by maximin improvement.,repair_selected
lhs-003,42,/Users/mlouhichi/Desktop/CURE-Rec/next-paper/paper-ideas/CURE-Rec/code/runs/calibration-lhs-20260806T195446Z/lhs-003/seed-sweep-20260807T001448Z/runs/calibration-lhs-003-seed-42-20260807T001448Z-fa1be5c8,repair,repair_selected,False,3,"('repeat_cap', 'explore_slot')",0.05569190320058015,0.0636718240075429,0.07513946461082728,-0.038084239094486105,0.2286851851851852,0.4617600949672458,True,Base policy violates robust constraints; selected the best feasible repair by maximin improvement.,repair_selected
lhs-003,43,/Users/mlouhichi/Desktop/CURE-Rec/next-paper/paper-ideas/CURE-Rec/code/runs/calibration-lhs-20260806T195446Z/lhs-003/seed-sweep-20260807T001448Z/runs/calibration-lhs-003-seed-43-20260807T002351Z-a899d799,improvement,improve_selected,True,3,"('repeat_cap', 'explore_slot')",0.05613952850321041,0.06200406835215111,0.07513946461082728,-0.029557664968972386,0.18500925925925915,0.4618352947166403,True,Base policy is feasible; selected the exact maximin-improvement portfolio.,improve_selected
lhs-003,44,/Users/mlouhichi/Desktop/CURE-Rec/next-paper/paper-ideas/CURE-Rec/code/runs/calibration-lhs-20260806T195446Z/lhs-003/seed-sweep-20260807T001448Z/runs/calibration-lhs-003-seed-44-20260807T003259Z-8208cdc9,repair,repair_selected,False,3,"('repeat_cap', 'explore_slot')",0.05519815105293946,0.05919687177144925,0.07513946461082728,-0.0402389780474014,0.21937962962962954,0.46160728725266104,True,Base policy violates robust constraints; selected the best feasible repair by maximin improvement.,repair_selected
lhs-003,45,/Users/mlouhichi/Desktop/CURE-Rec/next-paper/paper-ideas/CURE-Rec/code/runs/calibration-lhs-20260806T195446Z/lhs-003/seed-sweep-20260807T001448Z/runs/calibration-lhs-003-seed-45-20260807T004202Z-483bb9dc,repair,repair_selected,False,7,"('repeat_cap', 'explore_slot', 'tail_slot')",0.004812641990002919,0.011679985258606168,0.15513946461082728,-0.029375960293568593,0.2301574074074073,0.4301965180181305,True,Base policy violates robust constraints; selected the best feasible repair by maximin improvement.,repair_selected
lhs-003,46,/Users/mlouhichi/Desktop/CURE-Rec/next-paper/paper-ideas/CURE-Rec/code/runs/calibration-lhs-20260806T195446Z/lhs-003/seed-sweep-20260807T001448Z/runs/calibration-lhs-003-seed-46-20260807T005109Z-6bbb74c7,repair,repair_selected,False,3,"('repeat_cap', 'explore_slot')",0.05492844227513208,0.062446413042247184,0.07513946461082728,-0.033418662740052674,0.22370370370370374,0.4625778003513918,True,Base policy violates robust constraints; selected the best feasible repair by maximin improvement.,repair_selected
lhs-004,42,/Users/mlouhichi/Desktop/CURE-Rec/next-paper/paper-ideas/CURE-Rec/code/runs/calibration-lhs-20260806T195446Z/lhs-004/seed-sweep-20260807T010010Z/runs/calibration-lhs-004-seed-42-20260807T010010Z-c2e29770,repair,repair_selected,False,1,"('repeat_cap',)",0.2705678441421826,0.286194528029058,0.05,-0.05536782280780461,0.21645969498910667,0.0,True,Base policy violates robust constraints; selected the best feasible repair by maximin improvement.,repair_selected
lhs-004,43,/Users/mlouhichi/Desktop/CURE-Rec/next-paper/paper-ideas/CURE-Rec/code/runs/calibration-lhs-20260806T195446Z/lhs-004/seed-sweep-20260807T010010Z/runs/calibration-lhs-004-seed-43-20260807T011529Z-17e14790,repair,repair_selected,False,1,"('repeat_cap',)",0.2723032291001421,0.2837188545436961,0.05,-0.042061041158461765,0.18308823529411766,0.0,True,Base policy violates robust constraints; selected the best feasible repair by maximin improvement.,repair_selected
lhs-004,44,/Users/mlouhichi/Desktop/CURE-Rec/next-paper/paper-ideas/CURE-Rec/code/runs/calibration-lhs-20260806T195446Z/lhs-004/seed-sweep-20260807T010010Z/runs/calibration-lhs-004-seed-44-20260807T013035Z-5f962032,repair,repair_selected,False,1,"('repeat_cap',)",0.2659921559970303,0.2793656260279884,0.05,-0.050552188045301594,0.22092047930283232,0.0,True,Base policy violates robust constraints; selected the best feasible repair by maximin improvement.,repair_selected
lhs-004,45,/Users/mlouhichi/Desktop/CURE-Rec/next-paper/paper-ideas/CURE-Rec/code/runs/calibration-lhs-20260806T195446Z/lhs-004/seed-sweep-20260807T010010Z/runs/calibration-lhs-004-seed-45-20260807T014558Z-23065fff,repair,repair_selected,False,1,"('repeat_cap',)",0.26852805318153555,0.2879417303530806,0.05,-0.0486546246988091,0.23753267973856196,0.0,True,Base policy violates robust constraints; selected the best feasible repair by maximin improvement.,repair_selected
lhs-004,46,/Users/mlouhichi/Desktop/CURE-Rec/next-paper/paper-ideas/CURE-Rec/code/runs/calibration-lhs-20260806T195446Z/lhs-004/seed-sweep-20260807T010010Z/runs/calibration-lhs-004-seed-46-20260807T020104Z-ffcadc80,repair,repair_selected,False,1,"('repeat_cap',)",0.26713380864038216,0.2815292206981138,0.05,-0.048807805863277154,0.1999455337690632,0.0,True,Base policy violates robust constraints; selected the best feasible repair by maximin improvement.,repair_selected
lhs-005,42,/Users/mlouhichi/Desktop/CURE-Rec/next-paper/paper-ideas/CURE-Rec/code/runs/calibration-lhs-20260806T195446Z/lhs-005/seed-sweep-20260807T021601Z/runs/calibration-lhs-005-seed-42-20260807T021601Z-8c3ea260,repair,repair_selected,False,1,"('repeat_cap',)",0.19199031633408947,0.2077904620019675,0.05,-0.03523889789167789,0.2426440329218107,0.0,True,Base policy violates robust constraints; selected the best feasible repair by maximin improvement.,repair_selected
lhs-005,43,/Users/mlouhichi/Desktop/CURE-Rec/next-paper/paper-ideas/CURE-Rec/code/runs/calibration-lhs-20260806T195446Z/lhs-005/seed-sweep-20260807T021601Z/runs/calibration-lhs-005-seed-43-20260807T022358Z-6b8697f4,improvement,improve_selected,True,1,"('repeat_cap',)",0.18834356510986638,0.20586200721678194,0.05,-0.023290780521675658,0.20280864197530857,0.0,True,Base policy is feasible; selected the exact maximin-improvement portfolio.,improve_selected
lhs-005,44,/Users/mlouhichi/Desktop/CURE-Rec/next-paper/paper-ideas/CURE-Rec/code/runs/calibration-lhs-20260806T195446Z/lhs-005/seed-sweep-20260807T021601Z/runs/calibration-lhs-005-seed-44-20260807T023155Z-e332d851,repair,repair_selected,False,1,"('repeat_cap',)",0.1864981205292633,0.1992762051555953,0.05,-0.03630744238264594,0.22380658436213996,0.0,True,Base policy violates robust constraints; selected the best feasible repair by maximin improvement.,repair_selected
lhs-005,45,/Users/mlouhichi/Desktop/CURE-Rec/next-paper/paper-ideas/CURE-Rec/code/runs/calibration-lhs-20260806T195446Z/lhs-005/seed-sweep-20260807T021601Z/runs/calibration-lhs-005-seed-45-20260807T023951Z-ce236e2f,repair,repair_selected,False,3,"('repeat_cap', 'explore_slot')",0.11858246240287529,0.13898525922046095,0.11705151264957252,-0.032775248625408704,0.25755144032921806,0.0,True,Base policy violates robust constraints; selected the best feasible repair by maximin improvement.,repair_selected
lhs-005,46,/Users/mlouhichi/Desktop/CURE-Rec/next-paper/paper-ideas/CURE-Rec/code/runs/calibration-lhs-20260806T195446Z/lhs-005/seed-sweep-20260807T021601Z/runs/calibration-lhs-005-seed-46-20260807T024745Z-641fb2b3,repair,repair_selected,False,1,"('repeat_cap',)",0.18619226579170012,0.2066140234874707,0.05,-0.02721335900117472,0.234485596707819,0.0,True,Base policy violates robust constraints; selected the best feasible repair by maximin improvement.,repair_selected
lhs-006,42,/Users/mlouhichi/Desktop/CURE-Rec/next-paper/paper-ideas/CURE-Rec/code/runs/calibration-lhs-20260806T195446Z/lhs-006/seed-sweep-20260807T025553Z/runs/calibration-lhs-006-seed-42-20260807T025553Z-a517c9cf,improvement,improve_selected,True,1,"('repeat_cap',)",0.19597847456529122,0.2093163595787691,0.05,-0.041672312951629986,0.23018518518518527,0.24414975607591977,True,Base policy is feasible; selected the exact maximin-improvement portfolio.,improve_selected
lhs-006,43,/Users/mlouhichi/Desktop/CURE-Rec/next-paper/paper-ideas/CURE-Rec/code/runs/calibration-lhs-20260806T195446Z/lhs-006/seed-sweep-20260807T025553Z/runs/calibration-lhs-006-seed-43-20260807T030549Z-ef05858b,improvement,improve_selected,True,1,"('repeat_cap',)",0.193711300009207,0.20685901211163804,0.05,-0.02751169886840743,0.20331649831649834,0.24411388746934506,True,Base policy is feasible; selected the exact maximin-improvement portfolio.,improve_selected
lhs-006,44,/Users/mlouhichi/Desktop/CURE-Rec/next-paper/paper-ideas/CURE-Rec/code/runs/calibration-lhs-20260806T195446Z/lhs-006/seed-sweep-20260807T025553Z/runs/calibration-lhs-006-seed-44-20260807T031549Z-37567a91,improvement,improve_selected,True,1,"('repeat_cap',)",0.19159071060751598,0.20253213338301335,0.05,-0.04148824119668004,0.22085016835016824,0.24420225207911456,True,Base policy is feasible; selected the exact maximin-improvement portfolio.,improve_selected
lhs-006,45,/Users/mlouhichi/Desktop/CURE-Rec/next-paper/paper-ideas/CURE-Rec/code/runs/calibration-lhs-20260806T195446Z/lhs-006/seed-sweep-20260807T025553Z/runs/calibration-lhs-006-seed-45-20260807T032550Z-07d203e0,improvement,improve_selected,True,1,"('repeat_cap',)",0.19194449492892585,0.20894590050723716,0.05,-0.03572621898381356,0.26475589225589213,0.2442080063384108,True,Base policy is feasible; selected the exact maximin-improvement portfolio.,improve_selected
lhs-006,46,/Users/mlouhichi/Desktop/CURE-Rec/next-paper/paper-ideas/CURE-Rec/code/runs/calibration-lhs-20260806T195446Z/lhs-006/seed-sweep-20260807T025553Z/runs/calibration-lhs-006-seed-46-20260807T033550Z-f99bf516,improvement,improve_selected,True,1,"('repeat_cap',)",0.19193438512594763,0.2078832262774401,0.05,-0.033295663547791676,0.2252861952861953,0.24409371389371382,True,Base policy is feasible; selected the exact maximin-improvement portfolio.,improve_selected
lhs-007,42,/Users/mlouhichi/Desktop/CURE-Rec/next-paper/paper-ideas/CURE-Rec/code/runs/calibration-lhs-20260806T195446Z/lhs-007/seed-sweep-20260807T034554Z/runs/calibration-lhs-007-seed-42-20260807T034554Z-21b21a61,improvement,improve_selected,True,1,"('repeat_cap',)",0.004223519039563528,0.013023921614179867,0.05,-0.03188079556886103,0.2498958333333332,0.0,True,Base policy is feasible; selected the exact maximin-improvement portfolio.,improve_selected
lhs-007,43,/Users/mlouhichi/Desktop/CURE-Rec/next-paper/paper-ideas/CURE-Rec/code/runs/calibration-lhs-20260806T195446Z/lhs-007/seed-sweep-20260807T034554Z/runs/calibration-lhs-007-seed-43-20260807T035314Z-af99b4d6,improvement,improve_selected,True,1,"('repeat_cap',)",0.003110801041134037,0.010568200462646837,0.05,-0.020963503689644503,0.2039467592592592,0.0,True,Base policy is feasible; selected the exact maximin-improvement portfolio.,improve_selected
lhs-007,44,/Users/mlouhichi/Desktop/CURE-Rec/next-paper/paper-ideas/CURE-Rec/code/runs/calibration-lhs-20260806T195446Z/lhs-007/seed-sweep-20260807T034554Z/runs/calibration-lhs-007-seed-44-20260807T040024Z-f830434a,improvement,improve_selected,True,1,"('repeat_cap',)",0.0009400015320853994,0.007621507831771734,0.05,-0.0317580791935953,0.22775462962962956,0.0,True,Base policy is feasible; selected the exact maximin-improvement portfolio.,improve_selected
lhs-007,45,/Users/mlouhichi/Desktop/CURE-Rec/next-paper/paper-ideas/CURE-Rec/code/runs/calibration-lhs-20260806T195446Z/lhs-007/seed-sweep-20260807T034554Z/runs/calibration-lhs-007-seed-45-20260807T040745Z-17d08279,improvement,improve_selected,True,1,"('repeat_cap',)",0.0010818556902884024,0.012419217865369592,0.05,-0.028394575373092312,0.2771064814814814,0.0,True,Base policy is feasible; selected the exact maximin-improvement portfolio.,improve_selected
lhs-007,46,/Users/mlouhichi/Desktop/CURE-Rec/next-paper/paper-ideas/CURE-Rec/code/runs/calibration-lhs-20260806T195446Z/lhs-007/seed-sweep-20260807T034554Z/runs/calibration-lhs-007-seed-46-20260807T041459Z-b687a19c,improvement,improve_selected,True,1,"('repeat_cap',)",0.0013977216060394593,0.012192998728462245,0.05,-0.02453400406984152,0.23940972222222223,0.0,True,Base policy is feasible; selected the exact maximin-improvement portfolio.,improve_selected
lhs-008,42,/Users/mlouhichi/Desktop/CURE-Rec/next-paper/paper-ideas/CURE-Rec/code/runs/calibration-lhs-20260806T195446Z/lhs-008/seed-sweep-20260807T042218Z/runs/calibration-lhs-008-seed-42-20260807T042218Z-32cbf542,repair,repair_selected,False,3,"('repeat_cap', 'explore_slot')",-0.040890044836859096,-0.0354930270106556,0.08388452232203537,-0.023795202168557683,0.2403395061728395,0.0,True,Base policy violates robust constraints; selected the best feasible repair by maximin improvement.,repair_selected
lhs-008,43,/Users/mlouhichi/Desktop/CURE-Rec/next-paper/paper-ideas/CURE-Rec/code/runs/calibration-lhs-20260806T195446Z/lhs-008/seed-sweep-20260807T042218Z/runs/calibration-lhs-008-seed-43-20260807T042748Z-a21a2b3b,improvement,abstain_keep_base,True,0,(),0.0,0.0,0.0,0.0,0.23425925925925917,0.08600043128004013,True,Base policy is feasible and no feasible portfolio has positive worst-case improvement.,abstain_keep_base
lhs-008,44,/Users/mlouhichi/Desktop/CURE-Rec/next-paper/paper-ideas/CURE-Rec/code/runs/calibration-lhs-20260806T195446Z/lhs-008/seed-sweep-20260807T042218Z/runs/calibration-lhs-008-seed-44-20260807T043312Z-257f09d9,improvement,abstain_keep_base,True,0,(),0.0,0.0,0.0,0.0,0.2515277777777778,0.08347703398138752,True,Base policy is feasible and no feasible portfolio has positive worst-case improvement.,abstain_keep_base
lhs-008,45,/Users/mlouhichi/Desktop/CURE-Rec/next-paper/paper-ideas/CURE-Rec/code/runs/calibration-lhs-20260806T195446Z/lhs-008/seed-sweep-20260807T042218Z/runs/calibration-lhs-008-seed-45-20260807T043839Z-d9b2741c,repair,repair_selected,False,3,"('repeat_cap', 'explore_slot')",-0.043058979743655135,-0.0353539412953251,0.08388452232203537,-0.023414236642738673,0.2563117283950618,0.0,True,Base policy violates robust constraints; selected the best feasible repair by maximin improvement.,repair_selected
lhs-008,46,/Users/mlouhichi/Desktop/CURE-Rec/next-paper/paper-ideas/CURE-Rec/code/runs/calibration-lhs-20260806T195446Z/lhs-008/seed-sweep-20260807T042218Z/runs/calibration-lhs-008-seed-46-20260807T044403Z-78dda351,improvement,abstain_keep_base,True,0,(),0.0,0.0,0.0,0.0,0.2571913580246914,0.08539596985988361,True,Base policy is feasible and no feasible portfolio has positive worst-case improvement.,abstain_keep_base
lhs-009,42,/Users/mlouhichi/Desktop/CURE-Rec/next-paper/paper-ideas/CURE-Rec/code/runs/calibration-lhs-20260806T195446Z/lhs-009/seed-sweep-20260807T044931Z/runs/calibration-lhs-009-seed-42-20260807T044931Z-360ebc1c,repair,repair_selected,False,5,"('repeat_cap', 'tail_slot')",0.19284789467676994,0.20548177590835265,0.13,-0.039986733135333186,0.18715488215488207,0.0,True,Base policy violates robust constraints; selected the best feasible repair by maximin improvement.,repair_selected
lhs-009,43,/Users/mlouhichi/Desktop/CURE-Rec/next-paper/paper-ideas/CURE-Rec/code/runs/calibration-lhs-20260806T195446Z/lhs-009/seed-sweep-20260807T044931Z/runs/calibration-lhs-009-seed-43-20260807T045939Z-0f6fb566,repair,repair_selected,False,1,"('repeat_cap',)",0.2655786495550228,0.2815278776729382,0.05,-0.027589607527969573,0.20331649831649834,0.0,True,Base policy violates robust constraints; selected the best feasible repair by maximin improvement.,repair_selected
lhs-009,44,/Users/mlouhichi/Desktop/CURE-Rec/next-paper/paper-ideas/CURE-Rec/code/runs/calibration-lhs-20260806T195446Z/lhs-009/seed-sweep-20260807T044931Z/runs/calibration-lhs-009-seed-44-20260807T050932Z-53aab8b4,repair,repair_selected,False,9,"('repeat_cap', 'diversify')",0.2037773423569733,0.2158315777841886,0.11,-0.041737935417848426,0.2126936026936026,0.0,True,Base policy violates robust constraints; selected the best feasible repair by maximin improvement.,repair_selected
lhs-009,45,/Users/mlouhichi/Desktop/CURE-Rec/next-paper/paper-ideas/CURE-Rec/code/runs/calibration-lhs-20260806T195446Z/lhs-009/seed-sweep-20260807T044931Z/runs/calibration-lhs-009-seed-45-20260807T051933Z-d24290a9,repair,repair_selected,False,33,"('repeat_cap', 'provider_balance')",0.1430138479974195,0.16421318724319656,0.16999999999999998,-0.03812453596470067,0.1301346801346801,0.0,True,Base policy violates robust constraints; selected the best feasible repair by maximin improvement.,repair_selected
lhs-009,46,/Users/mlouhichi/Desktop/CURE-Rec/next-paper/paper-ideas/CURE-Rec/code/runs/calibration-lhs-20260806T195446Z/lhs-009/seed-sweep-20260807T044931Z/runs/calibration-lhs-009-seed-46-20260807T052931Z-a2d8f0ec,repair,repair_selected,False,5,"('repeat_cap', 'tail_slot')",0.18705757809110957,0.20276601608047862,0.13,-0.0305270678628623,0.20579966329966326,0.0,True,Base policy violates robust constraints; selected the best feasible repair by maximin improvement.,repair_selected
lhs-010,42,/Users/mlouhichi/Desktop/CURE-Rec/next-paper/paper-ideas/CURE-Rec/code/runs/calibration-lhs-20260806T195446Z/lhs-010/seed-sweep-20260807T053930Z/runs/calibration-lhs-010-seed-42-20260807T053930Z-c37a90e7,repair,repair_selected,False,5,"('repeat_cap', 'tail_slot')",0.17356958078961807,0.17944867084965055,0.13,-0.04586827157141404,0.1690493827160493,0.2791340348710935,True,Base policy violates robust constraints; selected the best feasible repair by maximin improvement.,repair_selected
lhs-010,43,/Users/mlouhichi/Desktop/CURE-Rec/next-paper/paper-ideas/CURE-Rec/code/runs/calibration-lhs-20260806T195446Z/lhs-010/seed-sweep-20260807T053930Z/runs/calibration-lhs-010-seed-43-20260807T055314Z-02120391,repair,repair_selected,False,1,"('repeat_cap',)",0.2274439328162665,0.23540799840679985,0.05,-0.037563708272948415,0.1911604938271605,0.3004535560749737,True,Base policy violates robust constraints; selected the best feasible repair by maximin improvement.,repair_selected
lhs-010,44,/Users/mlouhichi/Desktop/CURE-Rec/next-paper/paper-ideas/CURE-Rec/code/runs/calibration-lhs-20260806T195446Z/lhs-010/seed-sweep-20260807T053930Z/runs/calibration-lhs-010-seed-44-20260807T060638Z-6bbc1565,repair,repair_selected,False,5,"('repeat_cap', 'tail_slot')",0.1707974742530017,0.1754248018289471,0.13,-0.040721807710161206,0.16475925925925927,0.27808901259478236,True,Base policy violates robust constraints; selected the best feasible repair by maximin improvement.,repair_selected
lhs-010,45,/Users/mlouhichi/Desktop/CURE-Rec/next-paper/paper-ideas/CURE-Rec/code/runs/calibration-lhs-20260806T195446Z/lhs-010/seed-sweep-20260807T053930Z/runs/calibration-lhs-010-seed-45-20260807T061952Z-7c72961c,repair,repair_selected,False,33,"('repeat_cap', 'provider_balance')",0.10584329679958013,0.11832262587584741,0.16999999999999998,-0.04726715022069383,0.10903703703703704,0.29972699216197546,True,Base policy violates robust constraints; selected the best feasible repair by maximin improvement.,repair_selected
lhs-010,46,/Users/mlouhichi/Desktop/CURE-Rec/next-paper/paper-ideas/CURE-Rec/code/runs/calibration-lhs-20260806T195446Z/lhs-010/seed-sweep-20260807T053930Z/runs/calibration-lhs-010-seed-46-20260807T063254Z-9f60aec2,repair,repair_selected,False,5,"('repeat_cap', 'tail_slot')",0.1700681727277065,0.17587876885784723,0.13,-0.039017692303880414,0.1862222222222223,0.2786421471702627,True,Base policy violates robust constraints; selected the best feasible repair by maximin improvement.,repair_selected
lhs-011,42,/Users/mlouhichi/Desktop/CURE-Rec/next-paper/paper-ideas/CURE-Rec/code/runs/calibration-lhs-20260806T195446Z/lhs-011/seed-sweep-20260807T064551Z/runs/calibration-lhs-011-seed-42-20260807T064551Z-12af9d5f,improvement,improve_selected,True,1,"('repeat_cap',)",0.13325305773628882,0.14798924864722995,0.05,-0.0314673392997975,0.2498958333333332,0.18860498356261063,True,Base policy is feasible; selected the exact maximin-improvement portfolio.,improve_selected
lhs-011,43,/Users/mlouhichi/Desktop/CURE-Rec/next-paper/paper-ideas/CURE-Rec/code/runs/calibration-lhs-20260806T195446Z/lhs-011/seed-sweep-20260807T064551Z/runs/calibration-lhs-011-seed-43-20260807T065247Z-483eeddb,improvement,improve_selected,True,1,"('repeat_cap',)",0.12984769758605513,0.146385036539027,0.05,-0.02063387732061417,0.2039467592592592,0.18859547689082046,True,Base policy is feasible; selected the exact maximin-improvement portfolio.,improve_selected
lhs-011,44,/Users/mlouhichi/Desktop/CURE-Rec/next-paper/paper-ideas/CURE-Rec/code/runs/calibration-lhs-20260806T195446Z/lhs-011/seed-sweep-20260807T064551Z/runs/calibration-lhs-011-seed-44-20260807T065936Z-7d977725,improvement,improve_selected,True,1,"('repeat_cap',)",0.1295603463507765,0.14046119595884055,0.05,-0.0313757769626094,0.22775462962962956,0.18868099630703575,True,Base policy is feasible; selected the exact maximin-improvement portfolio.,improve_selected
lhs-011,45,/Users/mlouhichi/Desktop/CURE-Rec/next-paper/paper-ideas/CURE-Rec/code/runs/calibration-lhs-20260806T195446Z/lhs-011/seed-sweep-20260807T064551Z/runs/calibration-lhs-011-seed-45-20260807T070632Z-38ae08c6,repair,repair_selected,False,1,"('repeat_cap',)",0.12783645470427185,0.1476006587536759,0.05,-0.028026725841109434,0.2771064814814814,0.18872819905164617,True,Base policy violates robust constraints; selected the best feasible repair by maximin improvement.,repair_selected
lhs-011,46,/Users/mlouhichi/Desktop/CURE-Rec/next-paper/paper-ideas/CURE-Rec/code/runs/calibration-lhs-20260806T195446Z/lhs-011/seed-sweep-20260807T064551Z/runs/calibration-lhs-011-seed-46-20260807T071322Z-9349e234,improvement,improve_selected,True,1,"('repeat_cap',)",0.12875105629022887,0.14782950188858524,0.05,-0.024166058396913992,0.23940972222222223,0.18852424695811665,True,Base policy is feasible; selected the exact maximin-improvement portfolio.,improve_selected
lhs-012,42,/Users/mlouhichi/Desktop/CURE-Rec/next-paper/paper-ideas/CURE-Rec/code/runs/calibration-lhs-20260806T195446Z/lhs-012/seed-sweep-20260807T072018Z/runs/calibration-lhs-012-seed-42-20260807T072018Z-557009c1,repair,repair_selected,False,32,"('provider_balance',)",-0.12113484628335958,-0.11880643441377081,0.12,-0.0029337123609700644,0.05696759259259254,0.0,True,Base policy violates robust constraints; selected the best feasible repair by maximin improvement.,repair_selected
lhs-012,43,/Users/mlouhichi/Desktop/CURE-Rec/next-paper/paper-ideas/CURE-Rec/code/runs/calibration-lhs-20260806T195446Z/lhs-012/seed-sweep-20260807T072018Z/runs/calibration-lhs-012-seed-43-20260807T072347Z-4fd4f372,improvement,abstain_keep_base,True,0,(),0.0,0.0,0.0,0.0,0.22243055555555546,0.0,True,Base policy is feasible and no feasible portfolio has positive worst-case improvement.,abstain_keep_base
lhs-012,44,/Users/mlouhichi/Desktop/CURE-Rec/next-paper/paper-ideas/CURE-Rec/code/runs/calibration-lhs-20260806T195446Z/lhs-012/seed-sweep-20260807T072018Z/runs/calibration-lhs-012-seed-44-20260807T072711Z-b51c733f,repair,repair_selected,False,4,"('tail_slot',)",-0.08301675248911522,-0.08185573515082512,0.08,-0.0033667614644837807,0.21902777777777782,0.0,True,Base policy violates robust constraints; selected the best feasible repair by maximin improvement.,repair_selected
lhs-012,45,/Users/mlouhichi/Desktop/CURE-Rec/next-paper/paper-ideas/CURE-Rec/code/runs/calibration-lhs-20260806T195446Z/lhs-012/seed-sweep-20260807T072018Z/runs/calibration-lhs-012-seed-45-20260807T073040Z-af01f128,repair,repair_selected,False,32,"('provider_balance',)",-0.1214070734905699,-0.1182207516040108,0.12,-0.010318533790070195,0.06273148148148144,0.0,True,Base policy violates robust constraints; selected the best feasible repair by maximin improvement.,repair_selected
lhs-012,46,/Users/mlouhichi/Desktop/CURE-Rec/next-paper/paper-ideas/CURE-Rec/code/runs/calibration-lhs-20260806T195446Z/lhs-012/seed-sweep-20260807T072018Z/runs/calibration-lhs-012-seed-46-20260807T073406Z-3034d235,repair,repair_selected,False,32,"('provider_balance',)",-0.12061414505454227,-0.11867961996344889,0.12,-0.0014258962640981698,0.047499999999999876,0.0,True,Base policy violates robust constraints; selected the best feasible repair by maximin improvement.,repair_selected
lhs-013,42,/Users/mlouhichi/Desktop/CURE-Rec/next-paper/paper-ideas/CURE-Rec/code/runs/calibration-lhs-20260806T195446Z/lhs-013/seed-sweep-20260807T073735Z/runs/calibration-lhs-013-seed-42-20260807T073735Z-8f364ba4,improvement,improve_selected,True,1,"('repeat_cap',)",0.21547519505709722,0.23305952803022245,0.05,-0.04440403665289894,0.22587191358024694,0.0,True,Base policy is feasible; selected the exact maximin-improvement portfolio.,improve_selected
lhs-013,43,/Users/mlouhichi/Desktop/CURE-Rec/next-paper/paper-ideas/CURE-Rec/code/runs/calibration-lhs-20260806T195446Z/lhs-013/seed-sweep-20260807T073735Z/runs/calibration-lhs-013-seed-43-20260807T074757Z-7bc4ad05,improvement,improve_selected,True,1,"('repeat_cap',)",0.21409235050341568,0.23092767056440366,0.05,-0.030205298328060404,0.2027854938271605,0.0,True,Base policy is feasible; selected the exact maximin-improvement portfolio.,improve_selected
lhs-013,44,/Users/mlouhichi/Desktop/CURE-Rec/next-paper/paper-ideas/CURE-Rec/code/runs/calibration-lhs-20260806T195446Z/lhs-013/seed-sweep-20260807T073735Z/runs/calibration-lhs-013-seed-44-20260807T075809Z-1a1e0cfa,improvement,improve_selected,True,1,"('repeat_cap',)",0.2101231262234603,0.22456393453652979,0.05,-0.043428580622299706,0.21989969135802467,0.0,True,Base policy is feasible; selected the exact maximin-improvement portfolio.,improve_selected
lhs-013,45,/Users/mlouhichi/Desktop/CURE-Rec/next-paper/paper-ideas/CURE-Rec/code/runs/calibration-lhs-20260806T195446Z/lhs-013/seed-sweep-20260807T073735Z/runs/calibration-lhs-013-seed-45-20260807T080848Z-537c6323,improvement,improve_selected,True,1,"('repeat_cap',)",0.21132489067040022,0.23506552179607987,0.05,-0.03799370859956508,0.25683641975308635,0.0,True,Base policy is feasible; selected the exact maximin-improvement portfolio.,improve_selected
lhs-013,46,/Users/mlouhichi/Desktop/CURE-Rec/next-paper/paper-ideas/CURE-Rec/code/runs/calibration-lhs-20260806T195446Z/lhs-013/seed-sweep-20260807T073735Z/runs/calibration-lhs-013-seed-46-20260807T081925Z-7e5fb15e,improvement,improve_selected,True,1,"('repeat_cap',)",0.21028310232726455,0.23044895621961758,0.05,-0.03639489260625872,0.21988425925925914,0.0,True,Base policy is feasible; selected the exact maximin-improvement portfolio.,improve_selected
lhs-014,42,/Users/mlouhichi/Desktop/CURE-Rec/next-paper/paper-ideas/CURE-Rec/code/runs/calibration-lhs-20260806T195446Z/lhs-014/seed-sweep-20260807T083014Z/runs/calibration-lhs-014-seed-42-20260807T083014Z-cb383755,repair,repair_selected,False,32,"('provider_balance',)",-0.11964709832980025,-0.11723768204836205,0.12,-0.002422729163011006,0.0802222222222222,0.03367492376071058,True,Base policy violates robust constraints; selected the best feasible repair by maximin improvement.,repair_selected
lhs-014,43,/Users/mlouhichi/Desktop/CURE-Rec/next-paper/paper-ideas/CURE-Rec/code/runs/calibration-lhs-20260806T195446Z/lhs-014/seed-sweep-20260807T083014Z/runs/calibration-lhs-014-seed-43-20260807T083441Z-6310b142,repair,repair_selected,False,9,"('repeat_cap', 'diversify')",-0.09093734057168368,-0.08842032625726393,0.11,-0.01287723408475172,0.20238888888888895,0.0,True,Base policy violates robust constraints; selected the best feasible repair by maximin improvement.,repair_selected
lhs-014,44,/Users/mlouhichi/Desktop/CURE-Rec/next-paper/paper-ideas/CURE-Rec/code/runs/calibration-lhs-20260806T195446Z/lhs-014/seed-sweep-20260807T083014Z/runs/calibration-lhs-014-seed-44-20260807T083906Z-7f65348a,repair,repair_selected,False,5,"('repeat_cap', 'tail_slot')",-0.11276328115296164,-0.10994474487671324,0.13,-0.014475607389091816,0.19812962962962954,0.0,True,Base policy violates robust constraints; selected the best feasible repair by maximin improvement.,repair_selected
lhs-014,45,/Users/mlouhichi/Desktop/CURE-Rec/next-paper/paper-ideas/CURE-Rec/code/runs/calibration-lhs-20260806T195446Z/lhs-014/seed-sweep-20260807T083014Z/runs/calibration-lhs-014-seed-45-20260807T084338Z-11d4550a,repair,repair_selected,False,32,"('provider_balance',)",-0.11897185267273813,-0.11665388283820588,0.12,-0.009954522749304306,0.07977777777777773,0.03312344087414828,True,Base policy violates robust constraints; selected the best feasible repair by maximin improvement.,repair_selected
lhs-014,46,/Users/mlouhichi/Desktop/CURE-Rec/next-paper/paper-ideas/CURE-Rec/code/runs/calibration-lhs-20260806T195446Z/lhs-014/seed-sweep-20260807T083014Z/runs/calibration-lhs-014-seed-46-20260807T084805Z-29e253cf,repair,repair_selected,False,32,"('provider_balance',)",-0.11881005622661378,-0.1175035009265698,0.12,0.00020089915902365973,0.06394444444444436,0.034019600564812014,True,Base policy violates robust constraints; selected the best feasible repair by maximin improvement.,repair_selected
lhs-015,42,/Users/mlouhichi/Desktop/CURE-Rec/next-paper/paper-ideas/CURE-Rec/code/runs/calibration-lhs-20260806T195446Z/lhs-015/seed-sweep-20260807T085229Z/runs/calibration-lhs-015-seed-42-20260807T085229Z-3f322aa8,improvement,improve_selected,True,1,"('repeat_cap',)",0.10145319614885617,0.11436714700235251,0.05,-0.02693966304252282,0.25648148148148153,0.0,True,Base policy is feasible; selected the exact maximin-improvement portfolio.,improve_selected
lhs-015,43,/Users/mlouhichi/Desktop/CURE-Rec/next-paper/paper-ideas/CURE-Rec/code/runs/calibration-lhs-20260806T195446Z/lhs-015/seed-sweep-20260807T085229Z/runs/calibration-lhs-015-seed-43-20260807T085844Z-03e6f27c,improvement,improve_selected,True,1,"('repeat_cap',)",0.09842541803919447,0.11319700766715257,0.05,-0.017910276948766235,0.20554232804232808,0.0,True,Base policy is feasible; selected the exact maximin-improvement portfolio.,improve_selected
lhs-015,44,/Users/mlouhichi/Desktop/CURE-Rec/next-paper/paper-ideas/CURE-Rec/code/runs/calibration-lhs-20260806T195446Z/lhs-015/seed-sweep-20260807T085229Z/runs/calibration-lhs-015-seed-44-20260807T090453Z-bb52d9d7,improvement,improve_selected,True,1,"('repeat_cap',)",0.09775713382446216,0.1080216501658241,0.05,-0.025598312238937382,0.23099206349206347,0.0,True,Base policy is feasible; selected the exact maximin-improvement portfolio.,improve_selected
lhs-015,45,/Users/mlouhichi/Desktop/CURE-Rec/next-paper/paper-ideas/CURE-Rec/code/runs/calibration-lhs-20260806T195446Z/lhs-015/seed-sweep-20260807T085229Z/runs/calibration-lhs-015-seed-45-20260807T091112Z-860dacae,improvement,improve_selected,True,1,"('repeat_cap',)",0.09574461000384926,0.11383942430546157,0.05,-0.024714211727180135,0.27703703703703697,0.0,True,Base policy is feasible; selected the exact maximin-improvement portfolio.,improve_selected
lhs-015,46,/Users/mlouhichi/Desktop/CURE-Rec/next-paper/paper-ideas/CURE-Rec/code/runs/calibration-lhs-20260806T195446Z/lhs-015/seed-sweep-20260807T085229Z/runs/calibration-lhs-015-seed-46-20260807T091725Z-2a3aa580,improvement,improve_selected,True,1,"('repeat_cap',)",0.09658087321509434,0.11446326579321431,0.05,-0.021162310871679635,0.24564814814814806,0.0,True,Base policy is feasible; selected the exact maximin-improvement portfolio.,improve_selected
lhs-016,42,/Users/mlouhichi/Desktop/CURE-Rec/next-paper/paper-ideas/CURE-Rec/code/runs/calibration-lhs-20260806T195446Z/lhs-016/seed-sweep-20260807T092343Z/runs/calibration-lhs-016-seed-42-20260807T092343Z-dbadc318,repair,repair_selected,False,1,"('repeat_cap',)",0.23899581782467347,0.247787017592832,0.05,-0.05527046954255721,0.21444444444444444,0.33075156668187,True,Base policy violates robust constraints; selected the best feasible repair by maximin improvement.,repair_selected
lhs-016,43,/Users/mlouhichi/Desktop/CURE-Rec/next-paper/paper-ideas/CURE-Rec/code/runs/calibration-lhs-20260806T195446Z/lhs-016/seed-sweep-20260807T092343Z/runs/calibration-lhs-016-seed-43-20260807T094052Z-83a6a0dc,repair,repair_selected,False,1,"('repeat_cap',)",0.24082989461665527,0.24579362057929466,0.05,-0.043182201825691324,0.180159465020576,0.33071608041402284,True,Base policy violates robust constraints; selected the best feasible repair by maximin improvement.,repair_selected
lhs-016,44,/Users/mlouhichi/Desktop/CURE-Rec/next-paper/paper-ideas/CURE-Rec/code/runs/calibration-lhs-20260806T195446Z/lhs-016/seed-sweep-20260807T092343Z/runs/calibration-lhs-016-seed-44-20260807T105211Z-34332141,repair,repair_selected,False,1,"('repeat_cap',)",0.23488860052581595,0.2440548934919941,0.05,-0.05049300185883887,0.22096193415637866,0.33060717857456,True,Base policy violates robust constraints; selected the best feasible repair by maximin improvement.,repair_selected
lhs-016,45,/Users/mlouhichi/Desktop/CURE-Rec/next-paper/paper-ideas/CURE-Rec/code/runs/calibration-lhs-20260806T195446Z/lhs-016/seed-sweep-20260807T092343Z/runs/calibration-lhs-016-seed-45-20260807T124643Z-c19361e2,repair,repair_selected,False,1,"('repeat_cap',)",0.23617859079593756,0.2474860685544295,0.05,-0.04949070409702083,0.23661522633744858,0.3306998319669831,True,Base policy violates robust constraints; selected the best feasible repair by maximin improvement.,repair_selected
lhs-016,46,/Users/mlouhichi/Desktop/CURE-Rec/next-paper/paper-ideas/CURE-Rec/code/runs/calibration-lhs-20260806T195446Z/lhs-016/seed-sweep-20260807T092343Z/runs/calibration-lhs-016-seed-46-20260807T130441Z-48c6fcc3,repair,repair_selected,False,1,"('repeat_cap',)",0.23620148014083608,0.2442069114477481,0.05,-0.04984481635570848,0.20034979423868315,0.3306236411637206,True,Base policy violates robust constraints; selected the best feasible repair by maximin improvement.,repair_selected
lhs-017,42,/Users/mlouhichi/Desktop/CURE-Rec/next-paper/paper-ideas/CURE-Rec/code/runs/calibration-lhs-20260806T195446Z/lhs-017/seed-sweep-20260807T132107Z/runs/calibration-lhs-017-seed-42-20260807T132107Z-f0fef5de,repair,repair_selected,False,1,"('repeat_cap',)",0.3458735769285849,0.3586770026789698,0.05,-0.04820267375161347,0.2200793650793651,0.0,True,Base policy violates robust constraints; selected the best feasible repair by maximin improvement.,repair_selected
lhs-017,43,/Users/mlouhichi/Desktop/CURE-Rec/next-paper/paper-ideas/CURE-Rec/code/runs/calibration-lhs-20260806T195446Z/lhs-017/seed-sweep-20260807T132107Z/runs/calibration-lhs-017-seed-43-20260807T133349Z-a8ab1a91,repair,repair_selected,False,1,"('repeat_cap',)",0.344636501196374,0.3563041622741743,0.05,-0.03543439506889279,0.19481481481481477,0.0,True,Base policy violates robust constraints; selected the best feasible repair by maximin improvement.,repair_selected
lhs-017,44,/Users/mlouhichi/Desktop/CURE-Rec/next-paper/paper-ideas/CURE-Rec/code/runs/calibration-lhs-20260806T195446Z/lhs-017/seed-sweep-20260807T132107Z/runs/calibration-lhs-017-seed-44-20260807T134616Z-44e7be61,repair,repair_selected,False,1,"('repeat_cap',)",0.34041343057977463,0.3524493380171486,0.05,-0.0453720664231434,0.21996031746031752,0.0,True,Base policy violates robust constraints; selected the best feasible repair by maximin improvement.,repair_selected
lhs-017,45,/Users/mlouhichi/Desktop/CURE-Rec/next-paper/paper-ideas/CURE-Rec/code/runs/calibration-lhs-20260806T195446Z/lhs-017/seed-sweep-20260807T132107Z/runs/calibration-lhs-017-seed-45-20260807T135848Z-6fc4ff3b,repair,repair_selected,False,5,"('repeat_cap', 'tail_slot')",0.26827432035242926,0.2809770946837984,0.13,-0.03264285450564741,0.22345238095238096,0.0,True,Base policy violates robust constraints; selected the best feasible repair by maximin improvement.,repair_selected
lhs-017,46,/Users/mlouhichi/Desktop/CURE-Rec/next-paper/paper-ideas/CURE-Rec/code/runs/calibration-lhs-20260806T195446Z/lhs-017/seed-sweep-20260807T132107Z/runs/calibration-lhs-017-seed-46-20260807T141125Z-be6d93c0,repair,repair_selected,False,1,"('repeat_cap',)",0.3409714242234453,0.3556512026205446,0.05,-0.04138019934289461,0.20872354497354495,0.0,True,Base policy violates robust constraints; selected the best feasible repair by maximin improvement.,repair_selected
lhs-018,42,/Users/mlouhichi/Desktop/CURE-Rec/next-paper/paper-ideas/CURE-Rec/code/runs/calibration-lhs-20260806T195446Z/lhs-018/seed-sweep-20260807T142353Z/runs/calibration-lhs-018-seed-42-20260807T142353Z-be06c372,repair,repair_selected,False,1,"('repeat_cap',)",0.4285924533610578,0.43924713578246277,0.05,-0.057938478000671534,0.20914814814814808,0.0,True,Base policy violates robust constraints; selected the best feasible repair by maximin improvement.,repair_selected
lhs-018,43,/Users/mlouhichi/Desktop/CURE-Rec/next-paper/paper-ideas/CURE-Rec/code/runs/calibration-lhs-20260806T195446Z/lhs-018/seed-sweep-20260807T142353Z/runs/calibration-lhs-018-seed-43-20260807T144152Z-3eac30ab,repair,repair_selected,False,1,"('repeat_cap',)",0.43079602942749806,0.43705237500242544,0.05,-0.04738554091274516,0.18009722222222213,0.0,True,Base policy violates robust constraints; selected the best feasible repair by maximin improvement.,repair_selected
lhs-018,44,/Users/mlouhichi/Desktop/CURE-Rec/next-paper/paper-ideas/CURE-Rec/code/runs/calibration-lhs-20260806T195446Z/lhs-018/seed-sweep-20260807T142353Z/runs/calibration-lhs-018-seed-44-20260807T145942Z-0f018974,repair,repair_selected,False,1,"('repeat_cap',)",0.42419254034752785,0.4349311131113107,0.05,-0.05272682711792187,0.21783333333333332,0.0,True,Base policy violates robust constraints; selected the best feasible repair by maximin improvement.,repair_selected
lhs-018,45,/Users/mlouhichi/Desktop/CURE-Rec/next-paper/paper-ideas/CURE-Rec/code/runs/calibration-lhs-20260806T195446Z/lhs-018/seed-sweep-20260807T142353Z/runs/calibration-lhs-018-seed-45-20260807T151825Z-bca109e8,repair,repair_selected,False,1,"('repeat_cap',)",0.4262702053743953,0.4393081417684619,0.05,-0.052291985584142275,0.23149074074074072,0.0,True,Base policy violates robust constraints; selected the best feasible repair by maximin improvement.,repair_selected
lhs-018,46,/Users/mlouhichi/Desktop/CURE-Rec/next-paper/paper-ideas/CURE-Rec/code/runs/calibration-lhs-20260806T195446Z/lhs-018/seed-sweep-20260807T142353Z/runs/calibration-lhs-018-seed-46-20260807T153605Z-2e7f9e52,repair,repair_selected,False,1,"('repeat_cap',)",0.42543848370411147,0.4350963251196418,0.05,-0.05423389482410246,0.1993611111111111,0.0,True,Base policy violates robust constraints; selected the best feasible repair by maximin improvement.,repair_selected
lhs-019,42,/Users/mlouhichi/Desktop/CURE-Rec/next-paper/paper-ideas/CURE-Rec/code/runs/calibration-lhs-20260806T195446Z/lhs-019/seed-sweep-20260807T155352Z/runs/calibration-lhs-019-seed-42-20260807T155352Z-4540a859,improvement,improve_selected,True,1,"('repeat_cap',)",0.008866041411716263,0.015025482662614664,0.05,-0.02080271464287009,0.2595833333333333,0.35524174203016595,True,Base policy is feasible; selected the exact maximin-improvement portfolio.,improve_selected
lhs-019,43,/Users/mlouhichi/Desktop/CURE-Rec/next-paper/paper-ideas/CURE-Rec/code/runs/calibration-lhs-20260806T195446Z/lhs-019/seed-sweep-20260807T155352Z/runs/calibration-lhs-019-seed-43-20260807T155913Z-dce4307e,improvement,improve_selected,True,1,"('repeat_cap',)",0.008278515575048828,0.01441006764305014,0.05,-0.01397132368485876,0.21220679012345678,0.355535677625861,True,Base policy is feasible; selected the exact maximin-improvement portfolio.,improve_selected
lhs-019,44,/Users/mlouhichi/Desktop/CURE-Rec/next-paper/paper-ideas/CURE-Rec/code/runs/calibration-lhs-20260806T195446Z/lhs-019/seed-sweep-20260807T155352Z/runs/calibration-lhs-019-seed-44-20260807T160434Z-68c641f9,improvement,improve_selected,True,1,"('repeat_cap',)",0.008855525398278552,0.011860599303699593,0.05,-0.018458180511100597,0.23424382716049386,0.3548688969187637,True,Base policy is feasible; selected the exact maximin-improvement portfolio.,improve_selected
lhs-019,45,/Users/mlouhichi/Desktop/CURE-Rec/next-paper/paper-ideas/CURE-Rec/code/runs/calibration-lhs-20260806T195446Z/lhs-019/seed-sweep-20260807T155352Z/runs/calibration-lhs-019-seed-45-20260807T160956Z-3652d86d,improvement,improve_selected,True,1,"('repeat_cap',)",0.005773299394634113,0.014869941447796076,0.05,-0.020129267363026893,0.2785956790123456,0.35491052282259555,True,Base policy is feasible; selected the exact maximin-improvement portfolio.,improve_selected
lhs-019,46,/Users/mlouhichi/Desktop/CURE-Rec/next-paper/paper-ideas/CURE-Rec/code/runs/calibration-lhs-20260806T195446Z/lhs-019/seed-sweep-20260807T155352Z/runs/calibration-lhs-019-seed-46-20260807T161527Z-76b80304,improvement,improve_selected,True,1,"('repeat_cap',)",0.006230025437287456,0.016729968363739134,0.05,-0.016693158892928772,0.25049382716049373,0.3550522711206718,True,Base policy is feasible; selected the exact maximin-improvement portfolio.,improve_selected
lhs-020,42,/Users/mlouhichi/Desktop/CURE-Rec/next-paper/paper-ideas/CURE-Rec/code/runs/calibration-lhs-20260806T195446Z/lhs-020/seed-sweep-20260807T162057Z/runs/calibration-lhs-020-seed-42-20260807T162057Z-6e60ca76,repair,repair_selected,False,1,"('repeat_cap',)",0.345749828987576,0.35870140460696937,0.05,-0.04835593997892218,0.2200793650793651,0.0,True,Base policy violates robust constraints; selected the best feasible repair by maximin improvement.,repair_selected
lhs-020,43,/Users/mlouhichi/Desktop/CURE-Rec/next-paper/paper-ideas/CURE-Rec/code/runs/calibration-lhs-20260806T195446Z/lhs-020/seed-sweep-20260807T162057Z/runs/calibration-lhs-020-seed-43-20260807T163348Z-e4f9cced,improvement,improve_selected,True,1,"('repeat_cap',)",0.3444838166301495,0.35629913879075303,0.05,-0.03544174615790052,0.19481481481481477,0.0,True,Base policy is feasible; selected the exact maximin-improvement portfolio.,improve_selected
lhs-020,44,/Users/mlouhichi/Desktop/CURE-Rec/next-paper/paper-ideas/CURE-Rec/code/runs/calibration-lhs-20260806T195446Z/lhs-020/seed-sweep-20260807T162057Z/runs/calibration-lhs-020-seed-44-20260807T164629Z-080aaa0e,improvement,improve_selected,True,1,"('repeat_cap',)",0.3403360019730873,0.35241739504911906,0.05,-0.04550327735685211,0.21996031746031752,0.0,True,Base policy is feasible; selected the exact maximin-improvement portfolio.,improve_selected
lhs-020,45,/Users/mlouhichi/Desktop/CURE-Rec/next-paper/paper-ideas/CURE-Rec/code/runs/calibration-lhs-20260806T195446Z/lhs-020/seed-sweep-20260807T162057Z/runs/calibration-lhs-020-seed-45-20260807T165909Z-fd846246,repair,repair_selected,False,1,"('repeat_cap',)",0.34199767979786944,0.3590458984736514,0.05,-0.04211428202031897,0.24575396825396822,0.0,True,Base policy violates robust constraints; selected the best feasible repair by maximin improvement.,repair_selected
lhs-020,46,/Users/mlouhichi/Desktop/CURE-Rec/next-paper/paper-ideas/CURE-Rec/code/runs/calibration-lhs-20260806T195446Z/lhs-020/seed-sweep-20260807T162057Z/runs/calibration-lhs-020-seed-46-20260807T171135Z-5ce7daec,repair,repair_selected,False,1,"('repeat_cap',)",0.3409493064531456,0.35564883580524,0.05,-0.04141733358309374,0.20872354497354495,0.0,True,Base policy violates robust constraints; selected the best feasible repair by maximin improvement.,repair_selected
lhs-021,42,/Users/mlouhichi/Desktop/CURE-Rec/next-paper/paper-ideas/CURE-Rec/code/runs/calibration-lhs-20260806T195446Z/lhs-021/seed-sweep-20260807T172415Z/runs/calibration-lhs-021-seed-42-20260807T172415Z-c11a6556,repair,repair_selected,False,1,"('repeat_cap',)",0.35955822356140343,0.3728728272015445,0.05,-0.05753286246170641,0.21177875243664723,0.0,True,Base policy violates robust constraints; selected the best feasible repair by maximin improvement.,repair_selected
lhs-021,43,/Users/mlouhichi/Desktop/CURE-Rec/next-paper/paper-ideas/CURE-Rec/code/runs/calibration-lhs-20260806T195446Z/lhs-021/seed-sweep-20260807T172415Z/runs/calibration-lhs-021-seed-43-20260807T174108Z-e556bee6,improvement,improve_selected,True,1,"('repeat_cap',)",0.36214856095854864,0.3703915592295475,0.05,-0.04580709434380581,0.17806530214424954,0.0,True,Base policy is feasible; selected the exact maximin-improvement portfolio.,improve_selected
lhs-021,44,/Users/mlouhichi/Desktop/CURE-Rec/next-paper/paper-ideas/CURE-Rec/code/runs/calibration-lhs-20260806T195446Z/lhs-021/seed-sweep-20260807T172415Z/runs/calibration-lhs-021-seed-44-20260807T175801Z-f22fda84,repair,repair_selected,False,1,"('repeat_cap',)",0.35531596877998156,0.3673226386261742,0.05,-0.05254597232105429,0.21960526315789464,0.0,True,Base policy violates robust constraints; selected the best feasible repair by maximin improvement.,repair_selected
lhs-021,45,/Users/mlouhichi/Desktop/CURE-Rec/next-paper/paper-ideas/CURE-Rec/code/runs/calibration-lhs-20260806T195446Z/lhs-021/seed-sweep-20260807T172415Z/runs/calibration-lhs-021-seed-45-20260807T181526Z-317c675a,repair,repair_selected,False,1,"('repeat_cap',)",0.35768283542726287,0.3740075033491804,0.05,-0.05154080995001542,0.23405458089668607,0.0,True,Base policy violates robust constraints; selected the best feasible repair by maximin improvement.,repair_selected
lhs-021,46,/Users/mlouhichi/Desktop/CURE-Rec/next-paper/paper-ideas/CURE-Rec/code/runs/calibration-lhs-20260806T195446Z/lhs-021/seed-sweep-20260807T172415Z/runs/calibration-lhs-021-seed-46-20260807T183221Z-3ab46647,repair,repair_selected,False,1,"('repeat_cap',)",0.35662488489887345,0.3684341802521196,0.05,-0.05252372087058954,0.19992690058479523,0.0,True,Base policy violates robust constraints; selected the best feasible repair by maximin improvement.,repair_selected
lhs-022,42,/Users/mlouhichi/Desktop/CURE-Rec/next-paper/paper-ideas/CURE-Rec/code/runs/calibration-lhs-20260806T195446Z/lhs-022/seed-sweep-20260807T184916Z/runs/calibration-lhs-022-seed-42-20260807T184916Z-c121b070,repair,repair_selected,False,1,"('repeat_cap',)",0.23288598033656083,0.2424378974892281,0.05,-0.052331847973171364,0.21789351851851846,0.3114796818870017,True,Base policy violates robust constraints; selected the best feasible repair by maximin improvement.,repair_selected
lhs-022,43,/Users/mlouhichi/Desktop/CURE-Rec/next-paper/paper-ideas/CURE-Rec/code/runs/calibration-lhs-20260806T195446Z/lhs-022/seed-sweep-20260807T184916Z/runs/calibration-lhs-022-seed-43-20260807T190358Z-da632313,repair,repair_selected,False,1,"('repeat_cap',)",0.23341088944079416,0.24044647011862932,0.05,-0.03948113942367326,0.18673032407407408,0.3113532805168207,True,Base policy violates robust constraints; selected the best feasible repair by maximin improvement.,repair_selected
lhs-022,44,/Users/mlouhichi/Desktop/CURE-Rec/next-paper/paper-ideas/CURE-Rec/code/runs/calibration-lhs-20260806T195446Z/lhs-022/seed-sweep-20260807T184916Z/runs/calibration-lhs-022-seed-44-20260807T191817Z-6e21f569,repair,repair_selected,False,1,"('repeat_cap',)",0.22865891739721486,0.23829456108156036,0.05,-0.04784228627022613,0.22085648148148151,0.31129308377367804,True,Base policy violates robust constraints; selected the best feasible repair by maximin improvement.,repair_selected
lhs-022,45,/Users/mlouhichi/Desktop/CURE-Rec/next-paper/paper-ideas/CURE-Rec/code/runs/calibration-lhs-20260806T195446Z/lhs-022/seed-sweep-20260807T184916Z/runs/calibration-lhs-022-seed-45-20260807T193250Z-e11da922,repair,repair_selected,False,1,"('repeat_cap',)",0.22973174422106388,0.24215647123797454,0.05,-0.04593962844220578,0.24004050925925924,0.31125984890379577,True,Base policy violates robust constraints; selected the best feasible repair by maximin improvement.,repair_selected
lhs-022,46,/Users/mlouhichi/Desktop/CURE-Rec/next-paper/paper-ideas/CURE-Rec/code/runs/calibration-lhs-20260806T195446Z/lhs-022/seed-sweep-20260807T184916Z/runs/calibration-lhs-022-seed-46-20260807T194722Z-0a331ce0,repair,repair_selected,False,1,"('repeat_cap',)",0.22988237538209172,0.23920514191321837,0.05,-0.04585703684102793,0.2003935185185184,0.31128066267598337,True,Base policy violates robust constraints; selected the best feasible repair by maximin improvement.,repair_selected
lhs-023,42,/Users/mlouhichi/Desktop/CURE-Rec/next-paper/paper-ideas/CURE-Rec/code/runs/calibration-lhs-20260806T195446Z/lhs-023/seed-sweep-20260807T200156Z/runs/calibration-lhs-023-seed-42-20260807T200156Z-7916d9fe,repair,repair_selected,False,1,"('repeat_cap',)",0.3139146090239431,0.3283367487931351,0.05,-0.05277206621275654,0.21789351851851846,0.0,True,Base policy violates robust constraints; selected the best feasible repair by maximin improvement.,repair_selected
lhs-023,43,/Users/mlouhichi/Desktop/CURE-Rec/next-paper/paper-ideas/CURE-Rec/code/runs/calibration-lhs-20260806T195446Z/lhs-023/seed-sweep-20260807T200156Z/runs/calibration-lhs-023-seed-43-20260807T201619Z-5bd12398,improvement,improve_selected,True,1,"('repeat_cap',)",0.31484394052627684,0.32597605802708207,0.05,-0.03989671746181045,0.18673032407407408,0.0,True,Base policy is feasible; selected the exact maximin-improvement portfolio.,improve_selected
lhs-023,44,/Users/mlouhichi/Desktop/CURE-Rec/next-paper/paper-ideas/CURE-Rec/code/runs/calibration-lhs-20260806T195446Z/lhs-023/seed-sweep-20260807T200156Z/runs/calibration-lhs-023-seed-44-20260807T203042Z-b54cb57a,repair,repair_selected,False,1,"('repeat_cap',)",0.30919007645530994,0.32202237154689234,0.05,-0.04823592335462945,0.22085648148148151,0.0,True,Base policy violates robust constraints; selected the best feasible repair by maximin improvement.,repair_selected
lhs-023,45,/Users/mlouhichi/Desktop/CURE-Rec/next-paper/paper-ideas/CURE-Rec/code/runs/calibration-lhs-20260806T195446Z/lhs-023/seed-sweep-20260807T200156Z/runs/calibration-lhs-023-seed-45-20260807T204811Z-7d3ec307,repair,repair_selected,False,1,"('repeat_cap',)",0.3112602467261298,0.3297971550938862,0.05,-0.04633600203590538,0.24004050925925924,0.0,True,Base policy violates robust constraints; selected the best feasible repair by maximin improvement.,repair_selected
lhs-023,46,/Users/mlouhichi/Desktop/CURE-Rec/next-paper/paper-ideas/CURE-Rec/code/runs/calibration-lhs-20260806T195446Z/lhs-023/seed-sweep-20260807T200156Z/runs/calibration-lhs-023-seed-46-20260807T210231Z-213edc40,repair,repair_selected,False,1,"('repeat_cap',)",0.3103672395616,0.324429959878064,0.05,-0.0462851859830945,0.2003935185185184,0.0,True,Base policy violates robust constraints; selected the best feasible repair by maximin improvement.,repair_selected
lhs-024,42,/Users/mlouhichi/Desktop/CURE-Rec/next-paper/paper-ideas/CURE-Rec/code/runs/calibration-lhs-20260806T195446Z/lhs-024/seed-sweep-20260807T211648Z/runs/calibration-lhs-024-seed-42-20260807T211648Z-2658dea8,repair,repair_selected,False,1,"('repeat_cap',)",0.24622590722873888,0.26247519449531115,0.05,-0.04621031037688084,0.2223219373219374,0.0,True,Base policy violates robust constraints; selected the best feasible repair by maximin improvement.,repair_selected
lhs-024,43,/Users/mlouhichi/Desktop/CURE-Rec/next-paper/paper-ideas/CURE-Rec/code/runs/calibration-lhs-20260806T195446Z/lhs-024/seed-sweep-20260807T211648Z/runs/calibration-lhs-024-seed-43-20260807T212818Z-26f4f83e,improvement,improve_selected,True,1,"('repeat_cap',)",0.24522852523591132,0.2602118404419772,0.05,-0.03317944305140619,0.19940883190883185,0.0,True,Base policy is feasible; selected the exact maximin-improvement portfolio.,improve_selected
lhs-024,44,/Users/mlouhichi/Desktop/CURE-Rec/next-paper/paper-ideas/CURE-Rec/code/runs/calibration-lhs-20260806T195446Z/lhs-024/seed-sweep-20260807T211648Z/runs/calibration-lhs-024-seed-44-20260807T213945Z-6e6107ef,repair,repair_selected,False,1,"('repeat_cap',)",0.24073116394263572,0.25476532234220595,0.05,-0.04434103809530787,0.21959401709401716,0.0,True,Base policy violates robust constraints; selected the best feasible repair by maximin improvement.,repair_selected
lhs-024,45,/Users/mlouhichi/Desktop/CURE-Rec/next-paper/paper-ideas/CURE-Rec/code/runs/calibration-lhs-20260806T195446Z/lhs-024/seed-sweep-20260807T211648Z/runs/calibration-lhs-024-seed-45-20260807T215123Z-1dc10170,repair,repair_selected,False,1,"('repeat_cap',)",0.24249327071854432,0.26433708456537547,0.05,-0.04016842438534152,0.25018518518518507,0.0,True,Base policy violates robust constraints; selected the best feasible repair by maximin improvement.,repair_selected
lhs-024,46,/Users/mlouhichi/Desktop/CURE-Rec/next-paper/paper-ideas/CURE-Rec/code/runs/calibration-lhs-20260806T195446Z/lhs-024/seed-sweep-20260807T211648Z/runs/calibration-lhs-024-seed-46-20260807T220300Z-f29cd059,repair,repair_selected,False,1,"('repeat_cap',)",0.2409969177247694,0.2594548302158646,0.05,-0.03918536874705214,0.21450854700854705,0.0,True,Base policy violates robust constraints; selected the best feasible repair by maximin improvement.,repair_selected
